Report,Province / area,Local government unit,Row type,Source locator,Population 2024,Barangays (as annexed),Barangays with a first-contact facility (as annexed),Barangays without a first-contact facility (as annexed),Rural health units (as annexed),Barangay health stations,Hospitals,Licensed beds,FIC %,FBD %,TB CNR,TB detection %,PhilPEN %,Stunting %,Population per RHU as printed,LIVE  Population per RHU,LIVE  Variance vs printed,LIVE  RHUs implied at the catchment standard (nearest),LIVE  RHU shortfall (nearest),LIVE  Above the catchment standard,LIVE  Barangays with a facility,LIVE  Barangay coverage share,"LIVE  Beds per 1,000 residents",Basis and caveat,LIVE  RHUs implied (rounded up),LIVE  RHU shortfall (rounded up),municipality_key,province_key,centroid_lat,centroid_lon,psgc_code,network_id,coordinate_precision,pathway_condition,pathway_condition_reason,pathway_counting_metric,pathway_condition_caveat,first_contact_nodes,unserved_barangays,first_contact_answer,nearest_referral_id,nearest_referral_lgu,nearest_referral_report,nearest_referral_distance_km,referral_answer,payment_answer,record_answer,referral_completion_answer
LDS,Lanao del Sur,Marawi City,LGU,LDS · ANNEX A · §A · p. 49,259993,101,,70.0,5,26,4.0,,84.5,83.8,240.2,38.0,10.1,5.9,51999.0,51998.6,-0.4,13,8,Yes,31,0.3069306931,,"Barangay column preserves the 1,159-node 2020 model geography; current administrative coverage is 1,164 barangays and a five-barangay crosswalk is outstanding. 'Without a facility' = barangays with no matched registered health station. No bed column is carried in this annex.",13,8,MARAWICITY,LANAODELSUR,8.0047262,124.2854351,,LDS::MARAWICITY,Public geocoder representative point,adult blood-pressure or diabetes risk,PhilPEN risk assessment is 10.1% against the regional monitoring target of 25%.,10.1% of adults 20+ risk-assessed,"PhilPEN screening is a counting signal, not a measured hypertension or diabetes prevalence.",31,70.0,"The current records show 31 places for a resident's first health visit: 5 Rural Health Units and 26 Barangay Health Stations. 70 barangays have no facility matched to them in the current source layer. Residents may need to use a nearby barangay, outreach services, or another local arrangement; this must be confirmed locally.",LDS::MARAWICITY,Marawi City,LDS,0.0,"If the case needs inpatient care, the municipal row records a local hospital or inpatient receiving point. This does not confirm licensure, referral protocol, or actual admission.","PhilHealth accreditation exists in the wider province, but the workbook does not connect accreditation, benefit use, and charge exposure to each LGU pathway.","FHSIS is partially transmitting: 7 of 33 assessed RHUs submit fully on time, 9 submit complete indicator data, and all assessed units carry data-quality issues.",No referral-completion observations are recorded in the consolidated regional workbook; the pathway cannot confirm arrival or feedback.
LDS,Lanao del Sur,Malabang,LGU,LDS · ANNEX A · §A · p. 49,58377,37,,36.0,1,1,1.0,,111.0,98.5,319.6,50.6,7.0,1.5,58377.0,58377.0,0.0,3,2,Yes,1,0.02702702703,,"Barangay column preserves the 1,159-node 2020 model geography; current administrative coverage is 1,164 barangays and a five-barangay crosswalk is outstanding. 'Without a facility' = barangays with no matched registered health station. No bed column is carried in this annex.",3,2,MALABANG,LANAODELSUR,7.648920009000051,124.06455165312244,1903615000.0,LDS::MALABANG,Municipality representative point,adult blood-pressure or diabetes risk,PhilPEN risk assessment is 7.0% against the regional monitoring target of 25%.,7.0% of adults 20+ risk-assessed,"PhilPEN screening is a counting signal, not a measured hypertension or diabetes prevalence.",2,36.0,"The current records show 2 places for a resident's first health visit: 1 Rural Health Unit and 1 Barangay Health Station. 36 barangays have no facility matched to them in the current source layer. Residents may need to use a nearby barangay, outreach services, or another local arrangement; this must be confirmed locally.",LDS::MALABANG,Malabang,LDS,0.0,"If the case needs inpatient care, the municipal row records a local hospital or inpatient receiving point. This does not confirm licensure, referral protocol, or actual admission.","PhilHealth accreditation exists in the wider province, but the workbook does not connect accreditation, benefit use, and charge exposure to each LGU pathway.","FHSIS is partially transmitting: 7 of 33 assessed RHUs submit fully on time, 9 submit complete indicator data, and all assessed units carry data-quality issues.",No referral-completion observations are recorded in the consolidated regional workbook; the pathway cannot confirm arrival or feedback.
LDS,Lanao del Sur,Wao,LGU,LDS · ANNEX A · §A · p. 49,51081,26,,0.0,1,26,1.0,,89.6,93.2,137.9,21.8,0.6,2.7,51081.0,51081.0,0.0,3,2,Yes,26,1.0,,"Barangay column preserves the 1,159-node 2020 model geography; current administrative coverage is 1,164 barangays and a five-barangay crosswalk is outstanding. 'Without a facility' = barangays with no matched registered health station. No bed column is carried in this annex.",3,2,WAO,LANAODELSUR,7.638786814000042,124.68787715617256,1903630000.0,LDS::WAO,Municipality representative point,adult blood-pressure or diabetes risk,PhilPEN risk assessment is 0.6% against the regional monitoring target of 25%.,0.6% of adults 20+ risk-assessed,"PhilPEN screening is a counting signal, not a measured hypertension or diabetes prevalence.",27,0.0,"The current records show 27 places for a resident's first health visit: 1 Rural Health Unit and 26 Barangay Health Stations. Every barangay in this municipal row has a matched first-contact facility in the current records; local validation should still confirm operating status, staffing, and practical accessibility.",LDS::WAO,Wao,LDS,0.0,"If the case needs inpatient care, the municipal row records a local hospital or inpatient receiving point. This does not confirm licensure, referral protocol, or actual admission.","PhilHealth accreditation exists in the wider province, but the workbook does not connect accreditation, benefit use, and charge exposure to each LGU pathway.","FHSIS is partially transmitting: 7 of 33 assessed RHUs submit fully on time, 9 submit complete indicator data, and all assessed units carry data-quality issues.",No referral-completion observations are recorded in the consolidated regional workbook; the pathway cannot confirm arrival or feedback.
LDS,Lanao del Sur,Lumba-Bayabao,LGU,LDS · ANNEX A · §A · p. 49,50959,38,,36.0,1,2,0.0,,95.8,99.9,104.5,16.5,10.4,3.4,50959.0,50959.0,0.0,3,2,Yes,2,0.05263157895,,"Barangay column preserves the 1,159-node 2020 model geography; current administrative coverage is 1,164 barangays and a five-barangay crosswalk is outstanding. 'Without a facility' = barangays with no matched registered health station. No bed column is carried in this annex.",3,2,LUMBABAYABAO,LANAODELSUR,7.78302467900005,124.48117675668476,1903611000.0,LDS::LUMBABAYABAO,Municipality representative point,presumptive tuberculosis,TB detection is 16.5% against the two-year monitoring target of 40%.,16.5% TB detection ratio,"TB detection is derived from notifications against expected incidence, not a complete case register.",3,36.0,"The current records show 3 places for a resident's first health visit: 1 Rural Health Unit and 2 Barangay Health Stations. 36 barangays have no facility matched to them in the current source layer. Residents may need to use a nearby barangay, outreach services, or another local arrangement; this must be confirmed locally.",LDS::TAMPARAN,Tamparan,LDS,19.2,"If the case needs care beyond first contact, the closest mapped municipality with a recorded hospital is Tamparan, about 19.2 km away by straight-line representative distance. This is not a travel-time route and must be checked against the local referral network.","PhilHealth accreditation exists in the wider province, but the workbook does not connect accreditation, benefit use, and charge exposure to each LGU pathway.","FHSIS is partially transmitting: 7 of 33 assessed RHUs submit fully on time, 9 submit complete indicator data, and all assessed units carry data-quality issues.",No referral-completion observations are recorded in the consolidated regional workbook; the pathway cannot confirm arrival or feedback.
LDS,Lanao del Sur,Marantao,LGU,LDS · ANNEX A · §A · p. 49,46233,34,,29.0,1,5,1.0,,89.0,88.4,234.3,37.1,3.7,2.8,46233.0,46233.0,0.0,2,1,Yes,5,0.1470588235,,"Barangay column preserves the 1,159-node 2020 model geography; current administrative coverage is 1,164 barangays and a five-barangay crosswalk is outstanding. 'Without a facility' = barangays with no matched registered health station. No bed column is carried in this annex.",3,2,MARANTAO,LANAODELSUR,7.955459795500048,124.21780877499864,1903616000.0,LDS::MARANTAO,Municipality representative point,adult blood-pressure or diabetes risk,PhilPEN risk assessment is 3.7% against the regional monitoring target of 25%.,3.7% of adults 20+ risk-assessed,"PhilPEN screening is a counting signal, not a measured hypertension or diabetes prevalence.",6,29.0,"The current records show 6 places for a resident's first health visit: 1 Rural Health Unit and 5 Barangay Health Stations. 29 barangays have no facility matched to them in the current source layer. Residents may need to use a nearby barangay, outreach services, or another local arrangement; this must be confirmed locally.",LDS::MARANTAO,Marantao,LDS,0.0,"If the case needs inpatient care, the municipal row records a local hospital or inpatient receiving point. This does not confirm licensure, referral protocol, or actual admission.","PhilHealth accreditation exists in the wider province, but the workbook does not connect accreditation, benefit use, and charge exposure to each LGU pathway.","FHSIS is partially transmitting: 7 of 33 assessed RHUs submit fully on time, 9 submit complete indicator data, and all assessed units carry data-quality issues.",No referral-completion observations are recorded in the consolidated regional workbook; the pathway cannot confirm arrival or feedback.
LDS,Lanao del Sur,Piagapo,LGU,LDS · ANNEX A · §A · p. 49,40558,37,,33.0,1,4,0.0,,89.1,65.7,131.2,20.8,2.2,10.5,40558.0,40558.0,0.0,2,1,Yes,4,0.1081081081,,"Barangay column preserves the 1,159-node 2020 model geography; current administrative coverage is 1,164 barangays and a five-barangay crosswalk is outstanding. 'Without a facility' = barangays with no matched registered health station. No bed column is carried in this annex.",3,2,PIAGAPO,LANAODELSUR,7.99377424100004,124.17571297682,1903621000.0,LDS::PIAGAPO,Municipality representative point,adult blood-pressure or diabetes risk,PhilPEN risk assessment is 2.2% against the regional monitoring target of 25%.,2.2% of adults 20+ risk-assessed,"PhilPEN screening is a counting signal, not a measured hypertension or diabetes prevalence.",5,33.0,"The current records show 5 places for a resident's first health visit: 1 Rural Health Unit and 4 Barangay Health Stations. 33 barangays have no facility matched to them in the current source layer. Residents may need to use a nearby barangay, outreach services, or another local arrangement; this must be confirmed locally.",LDS::MARANTAO,Marantao,LDS,6.3,"If the case needs care beyond first contact, the closest mapped municipality with a recorded hospital is Marantao, about 6.3 km away by straight-line representative distance. This is not a travel-time route and must be checked against the local referral network.","PhilHealth accreditation exists in the wider province, but the workbook does not connect accreditation, benefit use, and charge exposure to each LGU pathway.","FHSIS is partially transmitting: 7 of 33 assessed RHUs submit fully on time, 9 submit complete indicator data, and all assessed units carry data-quality issues.",No referral-completion observations are recorded in the consolidated regional workbook; the pathway cannot confirm arrival or feedback.
LDS,Lanao del Sur,Balindong,LGU,LDS · ANNEX A · §A · p. 49,40047,38,,30.0,1,8,1.0,,35.8,85.1,111.4,17.6,0.2,4.1,40047.0,40047.0,0.0,2,1,Yes,8,0.2105263158,,"Barangay column preserves the 1,159-node 2020 model geography; current administrative coverage is 1,164 barangays and a five-barangay crosswalk is outstanding. 'Without a facility' = barangays with no matched registered health station. No bed column is carried in this annex.",3,2,BALINDONG,LANAODELSUR,7.915750078000059,124.1830553508252,1903603000.0,LDS::BALINDONG,Municipality representative point,adult blood-pressure or diabetes risk,PhilPEN risk assessment is 0.2% against the regional monitoring target of 25%.,0.2% of adults 20+ risk-assessed,"PhilPEN screening is a counting signal, not a measured hypertension or diabetes prevalence.",9,30.0,"The current records show 9 places for a resident's first health visit: 1 Rural Health Unit and 8 Barangay Health Stations. 30 barangays have no facility matched to them in the current source layer. Residents may need to use a nearby barangay, outreach services, or another local arrangement; this must be confirmed locally.",LDS::BALINDONG,Balindong,LDS,0.0,"If the case needs inpatient care, the municipal row records a local hospital or inpatient receiving point. This does not confirm licensure, referral protocol, or actual admission.","PhilHealth accreditation exists in the wider province, but the workbook does not connect accreditation, benefit use, and charge exposure to each LGU pathway.","FHSIS is partially transmitting: 7 of 33 assessed RHUs submit fully on time, 9 submit complete indicator data, and all assessed units carry data-quality issues.",No referral-completion observations are recorded in the consolidated regional workbook; the pathway cannot confirm arrival or feedback.
LDS,Lanao del Sur,Maguing,LGU,LDS · ANNEX A · §A · p. 49,37292,34,,32.0,1,2,0.0,,26.2,83.8,100.2,15.9,1.3,1.4,37292.0,37292.0,0.0,2,1,Yes,2,0.05882352941,,"Barangay column preserves the 1,159-node 2020 model geography; current administrative coverage is 1,164 barangays and a five-barangay crosswalk is outstanding. 'Without a facility' = barangays with no matched registered health station. No bed column is carried in this annex.",2,1,MAGUING,LANAODELSUR,7.917266749000049,124.4930004538866,1903634000.0,LDS::MAGUING,Municipality representative point,adult blood-pressure or diabetes risk,PhilPEN risk assessment is 1.3% against the regional monitoring target of 25%.,1.3% of adults 20+ risk-assessed,"PhilPEN screening is a counting signal, not a measured hypertension or diabetes prevalence.",3,32.0,"The current records show 3 places for a resident's first health visit: 1 Rural Health Unit and 2 Barangay Health Stations. 32 barangays have no facility matched to them in the current source layer. Residents may need to use a nearby barangay, outreach services, or another local arrangement; this must be confirmed locally.",LDS::TAMPARAN,Tamparan,LDS,18.4,"If the case needs care beyond first contact, the closest mapped municipality with a recorded hospital is Tamparan, about 18.4 km away by straight-line representative distance. This is not a travel-time route and must be checked against the local referral network.","PhilHealth accreditation exists in the wider province, but the workbook does not connect accreditation, benefit use, and charge exposure to each LGU pathway.","FHSIS is partially transmitting: 7 of 33 assessed RHUs submit fully on time, 9 submit complete indicator data, and all assessed units carry data-quality issues.",No referral-completion observations are recorded in the consolidated regional workbook; the pathway cannot confirm arrival or feedback.
LDS,Lanao del Sur,Tamparan,LGU,LDS · ANNEX A · §A · p. 49,37190,44,,44.0,1,0,2.0,,98.4,95.2,139.2,22.0,0.2,0.6,37190.0,37190.0,0.0,2,1,Yes,0,0.0,,"Barangay column preserves the 1,159-node 2020 model geography; current administrative coverage is 1,164 barangays and a five-barangay crosswalk is outstanding. 'Without a facility' = barangays with no matched registered health station. No bed column is carried in this annex.",2,1,TAMPARAN,LANAODELSUR,7.872508551000038,124.33182360720274,1903626000.0,LDS::TAMPARAN,Municipality representative point,adult blood-pressure or diabetes risk,PhilPEN risk assessment is 0.2% against the regional monitoring target of 25%.,0.2% of adults 20+ risk-assessed,"PhilPEN screening is a counting signal, not a measured hypertension or diabetes prevalence.",1,44.0,"The current records show 1 place for a resident's first health visit: 1 Rural Health Unit and 0 Barangay Health Stations. 44 barangays have no facility matched to them in the current source layer. Residents may need to use a nearby barangay, outreach services, or another local arrangement; this must be confirmed locally.",LDS::TAMPARAN,Tamparan,LDS,0.0,"If the case needs inpatient care, the municipal row records a local hospital or inpatient receiving point. This does not confirm licensure, referral protocol, or actual admission.","PhilHealth accreditation exists in the wider province, but the workbook does not connect accreditation, benefit use, and charge exposure to each LGU pathway.","FHSIS is partially transmitting: 7 of 33 assessed RHUs submit fully on time, 9 submit complete indicator data, and all assessed units carry data-quality issues.",No referral-completion observations are recorded in the consolidated regional workbook; the pathway cannot confirm arrival or feedback.
LDS,Lanao del Sur,Masiu,LGU,LDS · ANNEX A · §A · p. 49,36803,35,,32.0,1,3,0.0,,101.4,,105.3,16.7,2.5,0.3,36803.0,36803.0,0.0,2,1,Yes,3,0.08571428571,,"Barangay column preserves the 1,159-node 2020 model geography; current administrative coverage is 1,164 barangays and a five-barangay crosswalk is outstanding. 'Without a facility' = barangays with no matched registered health station. No bed column is carried in this annex.",2,1,MASIU,LANAODELSUR,7.796852722500034,124.370335828152,1903618000.0,LDS::MASIU,Municipality representative point,adult blood-pressure or diabetes risk,PhilPEN risk assessment is 2.5% against the regional monitoring target of 25%.,2.5% of adults 20+ risk-assessed,"PhilPEN screening is a counting signal, not a measured hypertension or diabetes prevalence.",4,32.0,"The current records show 4 places for a resident's first health visit: 1 Rural Health Unit and 3 Barangay Health Stations. 32 barangays have no facility matched to them in the current source layer. Residents may need to use a nearby barangay, outreach services, or another local arrangement; this must be confirmed locally.",LDS::TAMPARAN,Tamparan,LDS,9.4,"If the case needs care beyond first contact, the closest mapped municipality with a recorded hospital is Tamparan, about 9.4 km away by straight-line representative distance. This is not a travel-time route and must be checked against the local referral network.","PhilHealth accreditation exists in the wider province, but the workbook does not connect accreditation, benefit use, and charge exposure to each LGU pathway.","FHSIS is partially transmitting: 7 of 33 assessed RHUs submit fully on time, 9 submit complete indicator data, and all assessed units carry data-quality issues.",No referral-completion observations are recorded in the consolidated regional workbook; the pathway cannot confirm arrival or feedback.
LDS,Lanao del Sur,Ganassi,LGU,LDS · ANNEX A · §A · p. 49,33897,32,,32.0,1,0,0.0,,6.6,72.0,72.5,11.5,0.8,5.1,33897.0,33897.0,0.0,2,1,Yes,0,0.0,,"Barangay column preserves the 1,159-node 2020 model geography; current administrative coverage is 1,164 barangays and a five-barangay crosswalk is outstanding. 'Without a facility' = barangays with no matched registered health station. No bed column is carried in this annex.",2,1,GANASSI,LANAODELSUR,7.806738586000051,124.10209025168804,1903609000.0,LDS::GANASSI,Municipality representative point,adult blood-pressure or diabetes risk,PhilPEN risk assessment is 0.8% against the regional monitoring target of 25%.,0.8% of adults 20+ risk-assessed,"PhilPEN screening is a counting signal, not a measured hypertension or diabetes prevalence.",1,32.0,"The current records show 1 place for a resident's first health visit: 1 Rural Health Unit and 0 Barangay Health Stations. 32 barangays have no facility matched to them in the current source layer. Residents may need to use a nearby barangay, outreach services, or another local arrangement; this must be confirmed locally.",LDS::BINIDAYAN,Binidayan,LDS,6.0,"If the case needs care beyond first contact, the closest mapped municipality with a recorded hospital is Binidayan, about 6.0 km away by straight-line representative distance. This is not a travel-time route and must be checked against the local referral network.","PhilHealth accreditation exists in the wider province, but the workbook does not connect accreditation, benefit use, and charge exposure to each LGU pathway.","FHSIS is partially transmitting: 7 of 33 assessed RHUs submit fully on time, 9 submit complete indicator data, and all assessed units carry data-quality issues.",No referral-completion observations are recorded in the consolidated regional workbook; the pathway cannot confirm arrival or feedback.
LDS,Lanao del Sur,Marogong,LGU,LDS · ANNEX A · §A · p. 49,33595,24,,19.0,1,5,0.0,,81.0,91.4,222.4,35.2,0.4,0.9,33595.0,33595.0,0.0,2,1,Yes,5,0.2083333333,,"Barangay column preserves the 1,159-node 2020 model geography; current administrative coverage is 1,164 barangays and a five-barangay crosswalk is outstanding. 'Without a facility' = barangays with no matched registered health station. No bed column is carried in this annex.",2,1,MAROGONG,LANAODELSUR,7.638403842500054,124.1718493423794,1903631000.0,LDS::MAROGONG,Municipality representative point,adult blood-pressure or diabetes risk,PhilPEN risk assessment is 0.4% against the regional monitoring target of 25%.,0.4% of adults 20+ risk-assessed,"PhilPEN screening is a counting signal, not a measured hypertension or diabetes prevalence.",6,19.0,"The current records show 6 places for a resident's first health visit: 1 Rural Health Unit and 5 Barangay Health Stations. 19 barangays have no facility matched to them in the current source layer. Residents may need to use a nearby barangay, outreach services, or another local arrangement; this must be confirmed locally.",LDS::MALABANG,Malabang,LDS,11.9,"If the case needs care beyond first contact, the closest mapped municipality with a recorded hospital is Malabang, about 11.9 km away by straight-line representative distance. This is not a travel-time route and must be checked against the local referral network.","PhilHealth accreditation exists in the wider province, but the workbook does not connect accreditation, benefit use, and charge exposure to each LGU pathway.","FHSIS is partially transmitting: 7 of 33 assessed RHUs submit fully on time, 9 submit complete indicator data, and all assessed units carry data-quality issues.",No referral-completion observations are recorded in the consolidated regional workbook; the pathway cannot confirm arrival or feedback.
LDS,Lanao del Sur,Poona Bayabao,LGU,LDS · ANNEX A · §A · p. 49,33307,25,,23.0,1,2,0.0,,39.9,97.0,110.6,17.5,24.7,1.1,33307.0,33307.0,0.0,2,1,Yes,2,0.08,,"Barangay column preserves the 1,159-node 2020 model geography; current administrative coverage is 1,164 barangays and a five-barangay crosswalk is outstanding. 'Without a facility' = barangays with no matched registered health station. No bed column is carried in this annex.",2,1,POONABAYABAO,LANAODELSUR,7.834934550500066,124.35312887804886,1903622000.0,LDS::POONABAYABAO,Municipality representative point,presumptive tuberculosis,TB detection is 17.5% against the two-year monitoring target of 40%.,17.5% TB detection ratio,"TB detection is derived from notifications against expected incidence, not a complete case register.",3,23.0,"The current records show 3 places for a resident's first health visit: 1 Rural Health Unit and 2 Barangay Health Stations. 23 barangays have no facility matched to them in the current source layer. Residents may need to use a nearby barangay, outreach services, or another local arrangement; this must be confirmed locally.",LDS::TAMPARAN,Tamparan,LDS,4.8,"If the case needs care beyond first contact, the closest mapped municipality with a recorded hospital is Tamparan, about 4.8 km away by straight-line representative distance. This is not a travel-time route and must be checked against the local referral network.","PhilHealth accreditation exists in the wider province, but the workbook does not connect accreditation, benefit use, and charge exposure to each LGU pathway.","FHSIS is partially transmitting: 7 of 33 assessed RHUs submit fully on time, 9 submit complete indicator data, and all assessed units carry data-quality issues.",No referral-completion observations are recorded in the consolidated regional workbook; the pathway cannot confirm arrival or feedback.
LDS,Lanao del Sur,Balabagan,LGU,LDS · ANNEX A · §A · p. 49,31227,27,,24.0,1,3,0.0,,56.6,96.1,356.9,56.5,1.2,28.1,31227.0,31227.0,0.0,2,1,Yes,3,0.1111111111,,"Barangay column preserves the 1,159-node 2020 model geography; current administrative coverage is 1,164 barangays and a five-barangay crosswalk is outstanding. 'Without a facility' = barangays with no matched registered health station. No bed column is carried in this annex.",2,1,BALABAGAN,LANAODELSUR,7.5280698325000515,124.14792594751816,1903602000.0,LDS::BALABAGAN,Municipality representative point,adult blood-pressure or diabetes risk,PhilPEN risk assessment is 1.2% against the regional monitoring target of 25%.,1.2% of adults 20+ risk-assessed,"PhilPEN screening is a counting signal, not a measured hypertension or diabetes prevalence.",4,24.0,"The current records show 4 places for a resident's first health visit: 1 Rural Health Unit and 3 Barangay Health Stations. 24 barangays have no facility matched to them in the current source layer. Residents may need to use a nearby barangay, outreach services, or another local arrangement; this must be confirmed locally.",LDS::MALABANG,Malabang,LDS,16.3,"If the case needs care beyond first contact, the closest mapped municipality with a recorded hospital is Malabang, about 16.3 km away by straight-line representative distance. This is not a travel-time route and must be checked against the local referral network.","PhilHealth accreditation exists in the wider province, but the workbook does not connect accreditation, benefit use, and charge exposure to each LGU pathway.","FHSIS is partially transmitting: 7 of 33 assessed RHUs submit fully on time, 9 submit complete indicator data, and all assessed units carry data-quality issues.",No referral-completion observations are recorded in the consolidated regional workbook; the pathway cannot confirm arrival or feedback.
LDS,Lanao del Sur,Bayang,LGU,LDS · ANNEX A · §A · p. 49,30227,49,,46.0,1,3,0.0,,81.0,0.0,36.6,5.8,2.2,0.5,30227.0,30227.0,0.0,2,1,Yes,3,0.0612244898,,"Barangay column preserves the 1,159-node 2020 model geography; current administrative coverage is 1,164 barangays and a five-barangay crosswalk is outstanding. 'Without a facility' = barangays with no matched registered health station. No bed column is carried in this annex.",2,1,BAYANG,LANAODELSUR,7.777338400000048,124.19353041148348,1903604000.0,LDS::BAYANG,Municipality representative point,pregnancy or delivery care,"Facility-based delivery is 0.0%, so birth-place access remains part of the patient pathway model.",0.0% facility-based delivery,"FBD is a service-coverage signal, not a clinical risk diagnosis.",4,46.0,"The current records show 4 places for a resident's first health visit: 1 Rural Health Unit and 3 Barangay Health Stations. 46 barangays have no facility matched to them in the current source layer. Residents may need to use a nearby barangay, outreach services, or another local arrangement; this must be confirmed locally.",LDS::BINIDAYAN,Binidayan,LDS,4.7,"If the case needs care beyond first contact, the closest mapped municipality with a recorded hospital is Binidayan, about 4.7 km away by straight-line representative distance. This is not a travel-time route and must be checked against the local referral network.","PhilHealth accreditation exists in the wider province, but the workbook does not connect accreditation, benefit use, and charge exposure to each LGU pathway.","FHSIS is partially transmitting: 7 of 33 assessed RHUs submit fully on time, 9 submit complete indicator data, and all assessed units carry data-quality issues.",No referral-completion observations are recorded in the consolidated regional workbook; the pathway cannot confirm arrival or feedback.
LDS,Lanao del Sur,Madalum,LGU,LDS · ANNEX A · §A · p. 49,30044,37,,36.0,1,1,0.0,,74.9,,72.2,11.4,2.6,0.0,30044.0,30044.0,0.0,2,1,Yes,1,0.02702702703,,"Barangay column preserves the 1,159-node 2020 model geography; current administrative coverage is 1,164 barangays and a five-barangay crosswalk is outstanding. 'Without a facility' = barangays with no matched registered health station. No bed column is carried in this annex.",2,1,MADALUM,LANAODELSUR,7.902477168000047,124.0829252481154,1903613000.0,LDS::MADALUM,Municipality representative point,adult blood-pressure or diabetes risk,PhilPEN risk assessment is 2.6% against the regional monitoring target of 25%.,2.6% of adults 20+ risk-assessed,"PhilPEN screening is a counting signal, not a measured hypertension or diabetes prevalence.",2,36.0,"The current records show 2 places for a resident's first health visit: 1 Rural Health Unit and 1 Barangay Health Station. 36 barangays have no facility matched to them in the current source layer. Residents may need to use a nearby barangay, outreach services, or another local arrangement; this must be confirmed locally.",LDS::BALINDONG,Balindong,LDS,11.1,"If the case needs care beyond first contact, the closest mapped municipality with a recorded hospital is Balindong, about 11.1 km away by straight-line representative distance. This is not a travel-time route and must be checked against the local referral network.","PhilHealth accreditation exists in the wider province, but the workbook does not connect accreditation, benefit use, and charge exposure to each LGU pathway.","FHSIS is partially transmitting: 7 of 33 assessed RHUs submit fully on time, 9 submit complete indicator data, and all assessed units carry data-quality issues.",No referral-completion observations are recorded in the consolidated regional workbook; the pathway cannot confirm arrival or feedback.
LDS,Lanao del Sur,Taraka,LGU,LDS · ANNEX A · §A · p. 49,29558,43,,41.0,1,2,0.0,,20.9,94.1,122.6,19.4,0.3,15.6,29558.0,29558.0,0.0,1,0,Yes,2,0.04651162791,,"Barangay column preserves the 1,159-node 2020 model geography; current administrative coverage is 1,164 barangays and a five-barangay crosswalk is outstanding. 'Without a facility' = barangays with no matched registered health station. No bed column is carried in this annex.",2,1,TARAKA,LANAODELSUR,7.898798732000046,124.34091202254204,1903627000.0,LDS::TARAKA,Municipality representative point,adult blood-pressure or diabetes risk,PhilPEN risk assessment is 0.3% against the regional monitoring target of 25%.,0.3% of adults 20+ risk-assessed,"PhilPEN screening is a counting signal, not a measured hypertension or diabetes prevalence.",3,41.0,"The current records show 3 places for a resident's first health visit: 1 Rural Health Unit and 2 Barangay Health Stations. 41 barangays have no facility matched to them in the current source layer. Residents may need to use a nearby barangay, outreach services, or another local arrangement; this must be confirmed locally.",LDS::TAMPARAN,Tamparan,LDS,3.1,"If the case needs care beyond first contact, the closest mapped municipality with a recorded hospital is Tamparan, about 3.1 km away by straight-line representative distance. This is not a travel-time route and must be checked against the local referral network.","PhilHealth accreditation exists in the wider province, but the workbook does not connect accreditation, benefit use, and charge exposure to each LGU pathway.","FHSIS is partially transmitting: 7 of 33 assessed RHUs submit fully on time, 9 submit complete indicator data, and all assessed units carry data-quality issues.",No referral-completion observations are recorded in the consolidated regional workbook; the pathway cannot confirm arrival or feedback.
LDS,Lanao del Sur,Saguiaran,LGU,LDS · ANNEX A · §A · p. 49,28807,30,,24.0,1,6,0.0,,70.6,100.0,189.1,29.9,0.0,1.9,28807.0,28807.0,0.0,1,0,Yes,6,0.2,,"Barangay column preserves the 1,159-node 2020 model geography; current administrative coverage is 1,164 barangays and a five-barangay crosswalk is outstanding. 'Without a facility' = barangays with no matched registered health station. No bed column is carried in this annex.",2,1,SAGUIARAN,LANAODELSUR,8.036116929500054,124.25308529157824,1903625000.0,LDS::SAGUIARAN,Municipality representative point,adult blood-pressure or diabetes risk,PhilPEN risk assessment is 0.0% against the regional monitoring target of 25%.,0.0% of adults 20+ risk-assessed,"PhilPEN screening is a counting signal, not a measured hypertension or diabetes prevalence.",7,24.0,"The current records show 7 places for a resident's first health visit: 1 Rural Health Unit and 6 Barangay Health Stations. 24 barangays have no facility matched to them in the current source layer. Residents may need to use a nearby barangay, outreach services, or another local arrangement; this must be confirmed locally.",LDS::MARAWICITY,Marawi City,LDS,5.0,"If the case needs care beyond first contact, the closest mapped municipality with a recorded hospital is Marawi City, about 5.0 km away by straight-line representative distance. This is not a travel-time route and must be checked against the local referral network.","PhilHealth accreditation exists in the wider province, but the workbook does not connect accreditation, benefit use, and charge exposure to each LGU pathway.","FHSIS is partially transmitting: 7 of 33 assessed RHUs submit fully on time, 9 submit complete indicator data, and all assessed units carry data-quality issues.",No referral-completion observations are recorded in the consolidated regional workbook; the pathway cannot confirm arrival or feedback.
LDS,Lanao del Sur,Bubong,LGU,LDS · ANNEX A · §A · p. 49,28733,36,,34.0,1,2,0.0,,102.7,94.4,129.8,20.5,0.0,21.9,28733.0,28733.0,0.0,1,0,Yes,2,0.05555555556,,"Barangay column preserves the 1,159-node 2020 model geography; current administrative coverage is 1,164 barangays and a five-barangay crosswalk is outstanding. 'Without a facility' = barangays with no matched registered health station. No bed column is carried in this annex.",2,1,BUBONG,LANAODELSUR,7.994893622500029,124.45818862805164,1903606000.0,LDS::BUBONG,Municipality representative point,adult blood-pressure or diabetes risk,PhilPEN risk assessment is 0.0% against the regional monitoring target of 25%.,0.0% of adults 20+ risk-assessed,"PhilPEN screening is a counting signal, not a measured hypertension or diabetes prevalence.",3,34.0,"The current records show 3 places for a resident's first health visit: 1 Rural Health Unit and 2 Barangay Health Stations. 34 barangays have no facility matched to them in the current source layer. Residents may need to use a nearby barangay, outreach services, or another local arrangement; this must be confirmed locally.",LDS::MARAWICITY,Marawi City,LDS,19.1,"If the case needs care beyond first contact, the closest mapped municipality with a recorded hospital is Marawi City, about 19.1 km away by straight-line representative distance. This is not a travel-time route and must be checked against the local referral network.","PhilHealth accreditation exists in the wider province, but the workbook does not connect accreditation, benefit use, and charge exposure to each LGU pathway.","FHSIS is partially transmitting: 7 of 33 assessed RHUs submit fully on time, 9 submit complete indicator data, and all assessed units carry data-quality issues.",No referral-completion observations are recorded in the consolidated regional workbook; the pathway cannot confirm arrival or feedback.
LDS,Lanao del Sur,Binidayan,LGU,LDS · ANNEX A · §A · p. 49,27031,26,,26.0,1,0,1.0,,85.2,21.2,55.7,8.8,2.4,30.2,27031.0,27031.0,0.0,1,0,Yes,0,0.0,,"Barangay column preserves the 1,159-node 2020 model geography; current administrative coverage is 1,164 barangays and a five-barangay crosswalk is outstanding. 'Without a facility' = barangays with no matched registered health station. No bed column is carried in this annex.",2,1,BINIDAYAN,LANAODELSUR,7.79446683650005,124.15483911665794,1903605000.0,LDS::BINIDAYAN,Municipality representative point,adult blood-pressure or diabetes risk,PhilPEN risk assessment is 2.4% against the regional monitoring target of 25%.,2.4% of adults 20+ risk-assessed,"PhilPEN screening is a counting signal, not a measured hypertension or diabetes prevalence.",1,26.0,"The current records show 1 place for a resident's first health visit: 1 Rural Health Unit and 0 Barangay Health Stations. 26 barangays have no facility matched to them in the current source layer. Residents may need to use a nearby barangay, outreach services, or another local arrangement; this must be confirmed locally.",LDS::BINIDAYAN,Binidayan,LDS,0.0,"If the case needs inpatient care, the municipal row records a local hospital or inpatient receiving point. This does not confirm licensure, referral protocol, or actual admission.","PhilHealth accreditation exists in the wider province, but the workbook does not connect accreditation, benefit use, and charge exposure to each LGU pathway.","FHSIS is partially transmitting: 7 of 33 assessed RHUs submit fully on time, 9 submit complete indicator data, and all assessed units carry data-quality issues.",No referral-completion observations are recorded in the consolidated regional workbook; the pathway cannot confirm arrival or feedback.
LDS,Lanao del Sur,Ditsaan-Ramain,LGU,LDS · ANNEX A · §A · p. 49,26918,35,,32.0,1,3,0.0,,91.8,96.5,122.1,19.3,0.9,2.4,26918.0,26918.0,0.0,1,0,Yes,3,0.08571428571,,"Barangay column preserves the 1,159-node 2020 model geography; current administrative coverage is 1,164 barangays and a five-barangay crosswalk is outstanding. 'Without a facility' = barangays with no matched registered health station. No bed column is carried in this annex.",2,1,DITSAANRAMAIN,LANAODELSUR,7.99648385100005,124.34999778813898,1903624000.0,LDS::DITSAANRAMAIN,Municipality representative point,adult blood-pressure or diabetes risk,PhilPEN risk assessment is 0.9% against the regional monitoring target of 25%.,0.9% of adults 20+ risk-assessed,"PhilPEN screening is a counting signal, not a measured hypertension or diabetes prevalence.",4,32.0,"The current records show 4 places for a resident's first health visit: 1 Rural Health Unit and 3 Barangay Health Stations. 32 barangays have no facility matched to them in the current source layer. Residents may need to use a nearby barangay, outreach services, or another local arrangement; this must be confirmed locally.",LDS::MARAWICITY,Marawi City,LDS,7.2,"If the case needs care beyond first contact, the closest mapped municipality with a recorded hospital is Marawi City, about 7.2 km away by straight-line representative distance. This is not a travel-time route and must be checked against the local referral network.","PhilHealth accreditation exists in the wider province, but the workbook does not connect accreditation, benefit use, and charge exposure to each LGU pathway.","FHSIS is partially transmitting: 7 of 33 assessed RHUs submit fully on time, 9 submit complete indicator data, and all assessed units carry data-quality issues.",No referral-completion observations are recorded in the consolidated regional workbook; the pathway cannot confirm arrival or feedback.
LDS,Lanao del Sur,Tugaya,LGU,LDS · ANNEX A · §A · p. 49,26283,23,,22.0,1,1,0.0,,71.5,31.2,77.4,12.3,1.4,7.7,26283.0,26283.0,0.0,1,0,Yes,1,0.04347826087,,"Barangay column preserves the 1,159-node 2020 model geography; current administrative coverage is 1,164 barangays and a five-barangay crosswalk is outstanding. 'Without a facility' = barangays with no matched registered health station. No bed column is carried in this annex.",2,1,TUGAYA,LANAODELSUR,7.919427213500057,124.1311496052211,1903629000.0,LDS::TUGAYA,Municipality representative point,adult blood-pressure or diabetes risk,PhilPEN risk assessment is 1.4% against the regional monitoring target of 25%.,1.4% of adults 20+ risk-assessed,"PhilPEN screening is a counting signal, not a measured hypertension or diabetes prevalence.",2,22.0,"The current records show 2 places for a resident's first health visit: 1 Rural Health Unit and 1 Barangay Health Station. 22 barangays have no facility matched to them in the current source layer. Residents may need to use a nearby barangay, outreach services, or another local arrangement; this must be confirmed locally.",LDS::BALINDONG,Balindong,LDS,5.7,"If the case needs care beyond first contact, the closest mapped municipality with a recorded hospital is Balindong, about 5.7 km away by straight-line representative distance. This is not a travel-time route and must be checked against the local referral network.","PhilHealth accreditation exists in the wider province, but the workbook does not connect accreditation, benefit use, and charge exposure to each LGU pathway.","FHSIS is partially transmitting: 7 of 33 assessed RHUs submit fully on time, 9 submit complete indicator data, and all assessed units carry data-quality issues.",No referral-completion observations are recorded in the consolidated regional workbook; the pathway cannot confirm arrival or feedback.
LDS,Lanao del Sur,Butig,LGU,LDS · ANNEX A · §A · p. 49,25394,16,,14.0,1,2,0.0,,88.2,75.7,91.0,14.4,16.2,14.6,25394.0,25394.0,0.0,1,0,Yes,2,0.125,,"Barangay column preserves the 1,159-node 2020 model geography; current administrative coverage is 1,164 barangays and a five-barangay crosswalk is outstanding. 'Without a facility' = barangays with no matched registered health station. No bed column is carried in this annex.",2,1,BUTIG,LANAODELSUR,7.678881073500037,124.37589786477326,1903607000.0,LDS::BUTIG,Municipality representative point,presumptive tuberculosis,TB detection is 14.4% against the two-year monitoring target of 40%.,14.4% TB detection ratio,"TB detection is derived from notifications against expected incidence, not a complete case register.",3,14.0,"The current records show 3 places for a resident's first health visit: 1 Rural Health Unit and 2 Barangay Health Stations. 14 barangays have no facility matched to them in the current source layer. Residents may need to use a nearby barangay, outreach services, or another local arrangement; this must be confirmed locally.",LDS::TAMPARAN,Tamparan,LDS,22.1,"If the case needs care beyond first contact, the closest mapped municipality with a recorded hospital is Tamparan, about 22.1 km away by straight-line representative distance. This is not a travel-time route and must be checked against the local referral network.","PhilHealth accreditation exists in the wider province, but the workbook does not connect accreditation, benefit use, and charge exposure to each LGU pathway.","FHSIS is partially transmitting: 7 of 33 assessed RHUs submit fully on time, 9 submit complete indicator data, and all assessed units carry data-quality issues.",No referral-completion observations are recorded in the consolidated regional workbook; the pathway cannot confirm arrival or feedback.
LDS,Lanao del Sur,Lumbatan,LGU,LDS · ANNEX A · §A · p. 49,24988,21,,21.0,1,0,0.0,,58.9,78.7,142.5,22.5,0.4,0.4,24988.0,24988.0,0.0,1,0,Yes,0,0.0,,"Barangay column preserves the 1,159-node 2020 model geography; current administrative coverage is 1,164 barangays and a five-barangay crosswalk is outstanding. 'Without a facility' = barangays with no matched registered health station. No bed column is carried in this annex.",2,1,LUMBATAN,LANAODELSUR,7.743907855500055,124.2346680772062,1903612000.0,LDS::LUMBATAN,Municipality representative point,adult blood-pressure or diabetes risk,PhilPEN risk assessment is 0.4% against the regional monitoring target of 25%.,0.4% of adults 20+ risk-assessed,"PhilPEN screening is a counting signal, not a measured hypertension or diabetes prevalence.",1,21.0,"The current records show 1 place for a resident's first health visit: 1 Rural Health Unit and 0 Barangay Health Stations. 21 barangays have no facility matched to them in the current source layer. Residents may need to use a nearby barangay, outreach services, or another local arrangement; this must be confirmed locally.",LDS::BINIDAYAN,Binidayan,LDS,10.4,"If the case needs care beyond first contact, the closest mapped municipality with a recorded hospital is Binidayan, about 10.4 km away by straight-line representative distance. This is not a travel-time route and must be checked against the local referral network.","PhilHealth accreditation exists in the wider province, but the workbook does not connect accreditation, benefit use, and charge exposure to each LGU pathway.","FHSIS is partially transmitting: 7 of 33 assessed RHUs submit fully on time, 9 submit complete indicator data, and all assessed units carry data-quality issues.",No referral-completion observations are recorded in the consolidated regional workbook; the pathway cannot confirm arrival or feedback.
LDS,Lanao del Sur,Madamba,LGU,LDS · ANNEX A · §A · p. 49,24886,24,,23.0,1,1,0.0,,98.5,30.5,94.0,14.9,9.8,10.7,24886.0,24886.0,0.0,1,0,Yes,1,0.04166666667,,"Barangay column preserves the 1,159-node 2020 model geography; current administrative coverage is 1,164 barangays and a five-barangay crosswalk is outstanding. 'Without a facility' = barangays with no matched registered health station. No bed column is carried in this annex.",2,1,MADAMBA,LANAODELSUR,7.878093448000044,124.0235076949215,1903614000.0,LDS::MADAMBA,Municipality representative point,pregnancy or delivery care,"Facility-based delivery is 30.5%, so birth-place access remains part of the patient pathway model.",30.5% facility-based delivery,"FBD is a service-coverage signal, not a clinical risk diagnosis.",2,23.0,"The current records show 2 places for a resident's first health visit: 1 Rural Health Unit and 1 Barangay Health Station. 23 barangays have no facility matched to them in the current source layer. Residents may need to use a nearby barangay, outreach services, or another local arrangement; this must be confirmed locally.",LDS::BINIDAYAN,Binidayan,LDS,17.2,"If the case needs care beyond first contact, the closest mapped municipality with a recorded hospital is Binidayan, about 17.2 km away by straight-line representative distance. This is not a travel-time route and must be checked against the local referral network.","PhilHealth accreditation exists in the wider province, but the workbook does not connect accreditation, benefit use, and charge exposure to each LGU pathway.","FHSIS is partially transmitting: 7 of 33 assessed RHUs submit fully on time, 9 submit complete indicator data, and all assessed units carry data-quality issues.",No referral-completion observations are recorded in the consolidated regional workbook; the pathway cannot confirm arrival or feedback.
LDS,Lanao del Sur,Bacolod-Kalawi,LGU,LDS · ANNEX A · §A · p. 49,24381,26,,21.0,1,5,0.0,,86.9,43.2,96.9,15.3,0.2,10.8,24381.0,24381.0,0.0,1,0,Yes,5,0.1923076923,,"Barangay column preserves the 1,159-node 2020 model geography; current administrative coverage is 1,164 barangays and a five-barangay crosswalk is outstanding. 'Without a facility' = barangays with no matched registered health station. No bed column is carried in this annex.",2,1,BACOLODKALAWI,LANAODELSUR,7.895454456000039,124.1199735770136,1903601000.0,LDS::BACOLODKALAWI,Municipality representative point,adult blood-pressure or diabetes risk,PhilPEN risk assessment is 0.2% against the regional monitoring target of 25%.,0.2% of adults 20+ risk-assessed,"PhilPEN screening is a counting signal, not a measured hypertension or diabetes prevalence.",6,21.0,"The current records show 6 places for a resident's first health visit: 1 Rural Health Unit and 5 Barangay Health Stations. 21 barangays have no facility matched to them in the current source layer. Residents may need to use a nearby barangay, outreach services, or another local arrangement; this must be confirmed locally.",LDS::BALINDONG,Balindong,LDS,7.3,"If the case needs care beyond first contact, the closest mapped municipality with a recorded hospital is Balindong, about 7.3 km away by straight-line representative distance. This is not a travel-time route and must be checked against the local referral network.","PhilHealth accreditation exists in the wider province, but the workbook does not connect accreditation, benefit use, and charge exposure to each LGU pathway.","FHSIS is partially transmitting: 7 of 33 assessed RHUs submit fully on time, 9 submit complete indicator data, and all assessed units carry data-quality issues.",No referral-completion observations are recorded in the consolidated regional workbook; the pathway cannot confirm arrival or feedback.
LDS,Lanao del Sur,Buadiposo-Buntong,LGU,LDS · ANNEX A · §A · p. 49,23283,33,,30.0,1,3,0.0,,57.2,97.5,119.8,19.0,0.0,32.4,23283.0,23283.0,0.0,1,0,Yes,3,0.09090909091,,"Barangay column preserves the 1,159-node 2020 model geography; current administrative coverage is 1,164 barangays and a five-barangay crosswalk is outstanding. 'Without a facility' = barangays with no matched registered health station. No bed column is carried in this annex.",2,1,BUADIPOSOBUNTONG,LANAODELSUR,7.947222478500066,124.40228542686224,1903633000.0,LDS::BUADIPOSOBUNTONG,Municipality representative point,adult blood-pressure or diabetes risk,PhilPEN risk assessment is 0.0% against the regional monitoring target of 25%.,0.0% of adults 20+ risk-assessed,"PhilPEN screening is a counting signal, not a measured hypertension or diabetes prevalence.",4,30.0,"The current records show 4 places for a resident's first health visit: 1 Rural Health Unit and 3 Barangay Health Stations. 30 barangays have no facility matched to them in the current source layer. Residents may need to use a nearby barangay, outreach services, or another local arrangement; this must be confirmed locally.",LDS::TAMPARAN,Tamparan,LDS,11.4,"If the case needs care beyond first contact, the closest mapped municipality with a recorded hospital is Tamparan, about 11.4 km away by straight-line representative distance. This is not a travel-time route and must be checked against the local referral network.","PhilHealth accreditation exists in the wider province, but the workbook does not connect accreditation, benefit use, and charge exposure to each LGU pathway.","FHSIS is partially transmitting: 7 of 33 assessed RHUs submit fully on time, 9 submit complete indicator data, and all assessed units carry data-quality issues.",No referral-completion observations are recorded in the consolidated regional workbook; the pathway cannot confirm arrival or feedback.
LDS,Lanao del Sur,Kapatagan,LGU,LDS · ANNEX A · §A · p. 49,23228,15,,12.0,1,3,0.0,,66.3,77.5,311.2,49.3,2.9,0.2,23228.0,23228.0,0.0,1,0,Yes,3,0.2,,"Barangay column preserves the 1,159-node 2020 model geography; current administrative coverage is 1,164 barangays and a five-barangay crosswalk is outstanding. 'Without a facility' = barangays with no matched registered health station. No bed column is carried in this annex.",2,1,KAPATAGAN,LANAODELSUR,7.48559557300004,124.17603638568418,1903639000.0,LDS::KAPATAGAN,Municipality representative point,adult blood-pressure or diabetes risk,PhilPEN risk assessment is 2.9% against the regional monitoring target of 25%.,2.9% of adults 20+ risk-assessed,"PhilPEN screening is a counting signal, not a measured hypertension or diabetes prevalence.",4,12.0,"The current records show 4 places for a resident's first health visit: 1 Rural Health Unit and 3 Barangay Health Stations. 12 barangays have no facility matched to them in the current source layer. Residents may need to use a nearby barangay, outreach services, or another local arrangement; this must be confirmed locally.",LDS::MALABANG,Malabang,LDS,21.9,"If the case needs care beyond first contact, the closest mapped municipality with a recorded hospital is Malabang, about 21.9 km away by straight-line representative distance. This is not a travel-time route and must be checked against the local referral network.","PhilHealth accreditation exists in the wider province, but the workbook does not connect accreditation, benefit use, and charge exposure to each LGU pathway.","FHSIS is partially transmitting: 7 of 33 assessed RHUs submit fully on time, 9 submit complete indicator data, and all assessed units carry data-quality issues.",No referral-completion observations are recorded in the consolidated regional workbook; the pathway cannot confirm arrival or feedback.
LDS,Lanao del Sur,Mulondo,LGU,LDS · ANNEX A · §A · p. 49,23159,26,,25.0,1,1,0.0,,80.8,87.2,120.3,19.0,0.6,2.2,23159.0,23159.0,0.0,1,0,Yes,1,0.03846153846,,"Barangay column preserves the 1,159-node 2020 model geography; current administrative coverage is 1,164 barangays and a five-barangay crosswalk is outstanding. 'Without a facility' = barangays with no matched registered health station. No bed column is carried in this annex.",2,1,MULONDO,LANAODELSUR,7.912891603500043,124.3623982409944,1903619000.0,LDS::MULONDO,Municipality representative point,adult blood-pressure or diabetes risk,PhilPEN risk assessment is 0.6% against the regional monitoring target of 25%.,0.6% of adults 20+ risk-assessed,"PhilPEN screening is a counting signal, not a measured hypertension or diabetes prevalence.",2,25.0,"The current records show 2 places for a resident's first health visit: 1 Rural Health Unit and 1 Barangay Health Station. 25 barangays have no facility matched to them in the current source layer. Residents may need to use a nearby barangay, outreach services, or another local arrangement; this must be confirmed locally.",LDS::TAMPARAN,Tamparan,LDS,5.6,"If the case needs care beyond first contact, the closest mapped municipality with a recorded hospital is Tamparan, about 5.6 km away by straight-line representative distance. This is not a travel-time route and must be checked against the local referral network.","PhilHealth accreditation exists in the wider province, but the workbook does not connect accreditation, benefit use, and charge exposure to each LGU pathway.","FHSIS is partially transmitting: 7 of 33 assessed RHUs submit fully on time, 9 submit complete indicator data, and all assessed units carry data-quality issues.",No referral-completion observations are recorded in the consolidated regional workbook; the pathway cannot confirm arrival or feedback.
LDS,Lanao del Sur,Kapai,LGU,LDS · ANNEX A · §A · p. 49,21630,20,,18.0,1,2,0.0,,81.5,85.8,74.4,11.8,3.2,2.3,21630.0,21630.0,0.0,1,0,Yes,2,0.1,,"Barangay column preserves the 1,159-node 2020 model geography; current administrative coverage is 1,164 barangays and a five-barangay crosswalk is outstanding. 'Without a facility' = barangays with no matched registered health station. No bed column is carried in this annex.",2,1,KAPAI,LANAODELSUR,8.068477570000056,124.36230172643424,1903610000.0,LDS::KAPAI,Municipality representative point,adult blood-pressure or diabetes risk,PhilPEN risk assessment is 3.2% against the regional monitoring target of 25%.,3.2% of adults 20+ risk-assessed,"PhilPEN screening is a counting signal, not a measured hypertension or diabetes prevalence.",3,18.0,"The current records show 3 places for a resident's first health visit: 1 Rural Health Unit and 2 Barangay Health Stations. 18 barangays have no facility matched to them in the current source layer. Residents may need to use a nearby barangay, outreach services, or another local arrangement; this must be confirmed locally.",LDS::MARAWICITY,Marawi City,LDS,11.0,"If the case needs care beyond first contact, the closest mapped municipality with a recorded hospital is Marawi City, about 11.0 km away by straight-line representative distance. This is not a travel-time route and must be checked against the local referral network.","PhilHealth accreditation exists in the wider province, but the workbook does not connect accreditation, benefit use, and charge exposure to each LGU pathway.","FHSIS is partially transmitting: 7 of 33 assessed RHUs submit fully on time, 9 submit complete indicator data, and all assessed units carry data-quality issues.",No referral-completion observations are recorded in the consolidated regional workbook; the pathway cannot confirm arrival or feedback.
LDS,Lanao del Sur,Lumbayanague,LGU,LDS · ANNEX A · §A · p. 49,21469,22,,22.0,1,0,0.0,,89.8,94.4,134.1,21.2,3.7,0.0,21469.0,21469.0,0.0,1,0,Yes,0,0.0,,"Barangay column preserves the 1,159-node 2020 model geography; current administrative coverage is 1,164 barangays and a five-barangay crosswalk is outstanding. 'Without a facility' = barangays with no matched registered health station. No bed column is carried in this annex.",2,1,LUMBAYANAGUE,LANAODELSUR,7.768293339500048,124.27717231212952,1903636000.0,LDS::LUMBAYANAGUE,Municipality representative point,adult blood-pressure or diabetes risk,PhilPEN risk assessment is 3.7% against the regional monitoring target of 25%.,3.7% of adults 20+ risk-assessed,"PhilPEN screening is a counting signal, not a measured hypertension or diabetes prevalence.",1,22.0,"The current records show 1 place for a resident's first health visit: 1 Rural Health Unit and 0 Barangay Health Stations. 22 barangays have no facility matched to them in the current source layer. Residents may need to use a nearby barangay, outreach services, or another local arrangement; this must be confirmed locally.",LDS::TAMPARAN,Tamparan,LDS,13.1,"If the case needs care beyond first contact, the closest mapped municipality with a recorded hospital is Tamparan, about 13.1 km away by straight-line representative distance. This is not a travel-time route and must be checked against the local referral network.","PhilHealth accreditation exists in the wider province, but the workbook does not connect accreditation, benefit use, and charge exposure to each LGU pathway.","FHSIS is partially transmitting: 7 of 33 assessed RHUs submit fully on time, 9 submit complete indicator data, and all assessed units carry data-quality issues.",No referral-completion observations are recorded in the consolidated regional workbook; the pathway cannot confirm arrival or feedback.
LDS,Lanao del Sur,Picong,LGU,LDS · ANNEX A · §A · p. 49,19296,19,,16.0,1,3,0.0,,107.3,75.2,428.1,67.7,9.4,4.0,19296.0,19296.0,0.0,1,0,No,3,0.1578947368,,"Barangay column preserves the 1,159-node 2020 model geography; current administrative coverage is 1,164 barangays and a five-barangay crosswalk is outstanding. 'Without a facility' = barangays with no matched registered health station. No bed column is carried in this annex.",1,0,PICONG,LANAODELSUR,7.694182204000043,123.97230050574473,1903635000.0,LDS::PICONG,Municipality representative point,adult blood-pressure or diabetes risk,PhilPEN risk assessment is 9.4% against the regional monitoring target of 25%.,9.4% of adults 20+ risk-assessed,"PhilPEN screening is a counting signal, not a measured hypertension or diabetes prevalence.",4,16.0,"The current records show 4 places for a resident's first health visit: 1 Rural Health Unit and 3 Barangay Health Stations. 16 barangays have no facility matched to them in the current source layer. Residents may need to use a nearby barangay, outreach services, or another local arrangement; this must be confirmed locally.",LDS::MALABANG,Malabang,LDS,11.3,"If the case needs care beyond first contact, the closest mapped municipality with a recorded hospital is Malabang, about 11.3 km away by straight-line representative distance. This is not a travel-time route and must be checked against the local referral network.","PhilHealth accreditation exists in the wider province, but the workbook does not connect accreditation, benefit use, and charge exposure to each LGU pathway.","FHSIS is partially transmitting: 7 of 33 assessed RHUs submit fully on time, 9 submit complete indicator data, and all assessed units carry data-quality issues.",No referral-completion observations are recorded in the consolidated regional workbook; the pathway cannot confirm arrival or feedback.
LDS,Lanao del Sur,Pualas,LGU,LDS · ANNEX A · §A · p. 49,18020,23,,23.0,1,0,0.0,,84.1,28.6,95.6,15.1,1.3,0.0,18020.0,18020.0,0.0,1,0,No,0,0.0,,"Barangay column preserves the 1,159-node 2020 model geography; current administrative coverage is 1,164 barangays and a five-barangay crosswalk is outstanding. 'Without a facility' = barangays with no matched registered health station. No bed column is carried in this annex.",1,0,PUALAS,LANAODELSUR,7.801925524500035,124.04470958470463,1903623000.0,LDS::PUALAS,Municipality representative point,adult blood-pressure or diabetes risk,PhilPEN risk assessment is 1.3% against the regional monitoring target of 25%.,1.3% of adults 20+ risk-assessed,"PhilPEN screening is a counting signal, not a measured hypertension or diabetes prevalence.",1,23.0,"The current records show 1 place for a resident's first health visit: 1 Rural Health Unit and 0 Barangay Health Stations. 23 barangays have no facility matched to them in the current source layer. Residents may need to use a nearby barangay, outreach services, or another local arrangement; this must be confirmed locally.",LDS::BINIDAYAN,Binidayan,LDS,12.2,"If the case needs care beyond first contact, the closest mapped municipality with a recorded hospital is Binidayan, about 12.2 km away by straight-line representative distance. This is not a travel-time route and must be checked against the local referral network.","PhilHealth accreditation exists in the wider province, but the workbook does not connect accreditation, benefit use, and charge exposure to each LGU pathway.","FHSIS is partially transmitting: 7 of 33 assessed RHUs submit fully on time, 9 submit complete indicator data, and all assessed units carry data-quality issues.",No referral-completion observations are recorded in the consolidated regional workbook; the pathway cannot confirm arrival or feedback.
LDS,Lanao del Sur,Calanogas,LGU,LDS · ANNEX A · §A · p. 49,17585,17,,15.0,1,2,0.0,,100.0,88.9,338.5,53.6,6.2,8.1,17585.0,17585.0,0.0,1,0,No,2,0.1176470588,,"Barangay column preserves the 1,159-node 2020 model geography; current administrative coverage is 1,164 barangays and a five-barangay crosswalk is outstanding. 'Without a facility' = barangays with no matched registered health station. No bed column is carried in this annex.",1,0,CALANOGAS,LANAODELSUR,7.709135015000044,124.08653827412604,1903632000.0,LDS::CALANOGAS,Municipality representative point,adult blood-pressure or diabetes risk,PhilPEN risk assessment is 6.2% against the regional monitoring target of 25%.,6.2% of adults 20+ risk-assessed,"PhilPEN screening is a counting signal, not a measured hypertension or diabetes prevalence.",3,15.0,"The current records show 3 places for a resident's first health visit: 1 Rural Health Unit and 2 Barangay Health Stations. 15 barangays have no facility matched to them in the current source layer. Residents may need to use a nearby barangay, outreach services, or another local arrangement; this must be confirmed locally.",LDS::MALABANG,Malabang,LDS,7.1,"If the case needs care beyond first contact, the closest mapped municipality with a recorded hospital is Malabang, about 7.1 km away by straight-line representative distance. This is not a travel-time route and must be checked against the local referral network.","PhilHealth accreditation exists in the wider province, but the workbook does not connect accreditation, benefit use, and charge exposure to each LGU pathway.","FHSIS is partially transmitting: 7 of 33 assessed RHUs submit fully on time, 9 submit complete indicator data, and all assessed units carry data-quality issues.",No referral-completion observations are recorded in the consolidated regional workbook; the pathway cannot confirm arrival or feedback.
LDS,Lanao del Sur,Tubaran,LGU,LDS · ANNEX A · §A · p. 49,17567,21,,21.0,1,0,0.0,,89.0,100.0,77.4,12.3,34.7,7.0,17567.0,17567.0,0.0,1,0,No,0,0.0,,"Barangay column preserves the 1,159-node 2020 model geography; current administrative coverage is 1,164 barangays and a five-barangay crosswalk is outstanding. 'Without a facility' = barangays with no matched registered health station. No bed column is carried in this annex.",1,0,TUBARAN,LANAODELSUR,7.732790153500048,124.16989648865582,1903628000.0,LDS::TUBARAN,Municipality representative point,presumptive tuberculosis,TB detection is 12.3% against the two-year monitoring target of 40%.,12.3% TB detection ratio,"TB detection is derived from notifications against expected incidence, not a complete case register.",1,21.0,"The current records show 1 place for a resident's first health visit: 1 Rural Health Unit and 0 Barangay Health Stations. 21 barangays have no facility matched to them in the current source layer. Residents may need to use a nearby barangay, outreach services, or another local arrangement; this must be confirmed locally.",LDS::BINIDAYAN,Binidayan,LDS,7.1,"If the case needs care beyond first contact, the closest mapped municipality with a recorded hospital is Binidayan, about 7.1 km away by straight-line representative distance. This is not a travel-time route and must be checked against the local referral network.","PhilHealth accreditation exists in the wider province, but the workbook does not connect accreditation, benefit use, and charge exposure to each LGU pathway.","FHSIS is partially transmitting: 7 of 33 assessed RHUs submit fully on time, 9 submit complete indicator data, and all assessed units carry data-quality issues.",No referral-completion observations are recorded in the consolidated regional workbook; the pathway cannot confirm arrival or feedback.
LDS,Lanao del Sur,Pagayawan,LGU,LDS · ANNEX A · §A · p. 49,15659,18,,18.0,1,0,0.0,,113.9,0.0,66.8,10.6,8.3,0.4,15659.0,15659.0,0.0,1,0,No,0,0.0,,"Barangay column preserves the 1,159-node 2020 model geography; current administrative coverage is 1,164 barangays and a five-barangay crosswalk is outstanding. 'Without a facility' = barangays with no matched registered health station. No bed column is carried in this annex.",1,0,PAGAYAWAN,LANAODELSUR,7.744581083000043,124.11854457410196,1903620000.0,LDS::PAGAYAWAN,Municipality representative point,pregnancy or delivery care,"Facility-based delivery is 0.0%, so birth-place access remains part of the patient pathway model.",0.0% facility-based delivery,"FBD is a service-coverage signal, not a clinical risk diagnosis.",1,18.0,"The current records show 1 place for a resident's first health visit: 1 Rural Health Unit and 0 Barangay Health Stations. 18 barangays have no facility matched to them in the current source layer. Residents may need to use a nearby barangay, outreach services, or another local arrangement; this must be confirmed locally.",LDS::BINIDAYAN,Binidayan,LDS,6.8,"If the case needs care beyond first contact, the closest mapped municipality with a recorded hospital is Binidayan, about 6.8 km away by straight-line representative distance. This is not a travel-time route and must be checked against the local referral network.","PhilHealth accreditation exists in the wider province, but the workbook does not connect accreditation, benefit use, and charge exposure to each LGU pathway.","FHSIS is partially transmitting: 7 of 33 assessed RHUs submit fully on time, 9 submit complete indicator data, and all assessed units carry data-quality issues.",No referral-completion observations are recorded in the consolidated regional workbook; the pathway cannot confirm arrival or feedback.
LDS,Lanao del Sur,Amai Manabilang,LGU,LDS · ANNEX A · §A · p. 49,14837,17,,16.0,1,1,0.0,,56.2,96.7,42.2,6.7,9.9,1.3,14837.0,14837.0,0.0,1,0,No,1,0.05882352941,,"Barangay column preserves the 1,159-node 2020 model geography; current administrative coverage is 1,164 barangays and a five-barangay crosswalk is outstanding. 'Without a facility' = barangays with no matched registered health station. No bed column is carried in this annex.",1,0,AMAIMANABILANG,LANAODELSUR,7.7854607,124.6821593,,LDS::AMAIMANABILANG,Public geocoder representative point,presumptive tuberculosis,TB detection is 6.7% against the two-year monitoring target of 40%.,6.7% TB detection ratio,"TB detection is derived from notifications against expected incidence, not a complete case register.",2,16.0,"The current records show 2 places for a resident's first health visit: 1 Rural Health Unit and 1 Barangay Health Station. 16 barangays have no facility matched to them in the current source layer. Residents may need to use a nearby barangay, outreach services, or another local arrangement; this must be confirmed locally.",LDS::WAO,Wao,LDS,16.3,"If the case needs care beyond first contact, the closest mapped municipality with a recorded hospital is Wao, about 16.3 km away by straight-line representative distance. This is not a travel-time route and must be checked against the local referral network.","PhilHealth accreditation exists in the wider province, but the workbook does not connect accreditation, benefit use, and charge exposure to each LGU pathway.","FHSIS is partially transmitting: 7 of 33 assessed RHUs submit fully on time, 9 submit complete indicator data, and all assessed units carry data-quality issues.",No referral-completion observations are recorded in the consolidated regional workbook; the pathway cannot confirm arrival or feedback.
LDS,Lanao del Sur,Sultan Dumalondong,LGU,LDS · ANNEX A · §A · p. 49,12984,7,,7.0,1,0,0.0,,61.1,52.7,46.6,7.4,11.5,14.2,12984.0,12984.0,0.0,1,0,No,0,0.0,,"Barangay column preserves the 1,159-node 2020 model geography; current administrative coverage is 1,164 barangays and a five-barangay crosswalk is outstanding. 'Without a facility' = barangays with no matched registered health station. No bed column is carried in this annex.",1,0,SULTANDUMALONDONG,LANAODELSUR,7.716556052500067,124.25153179409646,1903640000.0,LDS::SULTANDUMALONDONG,Municipality representative point,presumptive tuberculosis,TB detection is 7.4% against the two-year monitoring target of 40%.,7.4% TB detection ratio,"TB detection is derived from notifications against expected incidence, not a complete case register.",1,7.0,"The current records show 1 place for a resident's first health visit: 1 Rural Health Unit and 0 Barangay Health Stations. 7 barangays have no facility matched to them in the current source layer. Residents may need to use a nearby barangay, outreach services, or another local arrangement; this must be confirmed locally.",LDS::BINIDAYAN,Binidayan,LDS,13.7,"If the case needs care beyond first contact, the closest mapped municipality with a recorded hospital is Binidayan, about 13.7 km away by straight-line representative distance. This is not a travel-time route and must be checked against the local referral network.","PhilHealth accreditation exists in the wider province, but the workbook does not connect accreditation, benefit use, and charge exposure to each LGU pathway.","FHSIS is partially transmitting: 7 of 33 assessed RHUs submit fully on time, 9 submit complete indicator data, and all assessed units carry data-quality issues.",No referral-completion observations are recorded in the consolidated regional workbook; the pathway cannot confirm arrival or feedback.
LDS,Lanao del Sur,Tagoloan II,LGU,LDS · ANNEX A · §A · p. 49,12843,19,,19.0,1,0,0.0,,88.1,86.1,31.4,4.9,2.6,5.8,12843.0,12843.0,0.0,1,0,No,0,0.0,,"Barangay column preserves the 1,159-node 2020 model geography; current administrative coverage is 1,164 barangays and a five-barangay crosswalk is outstanding. 'Without a facility' = barangays with no matched registered health station. No bed column is carried in this annex.",1,0,TAGOLOANII,LANAODELSUR,8.099091628000053,124.46606634931852,1903638000.0,LDS::TAGOLOANII,Municipality representative point,adult blood-pressure or diabetes risk,PhilPEN risk assessment is 2.6% against the regional monitoring target of 25%.,2.6% of adults 20+ risk-assessed,"PhilPEN screening is a counting signal, not a measured hypertension or diabetes prevalence.",1,19.0,"The current records show 1 place for a resident's first health visit: 1 Rural Health Unit and 0 Barangay Health Stations. 19 barangays have no facility matched to them in the current source layer. Residents may need to use a nearby barangay, outreach services, or another local arrangement; this must be confirmed locally.",LDS::MARAWICITY,Marawi City,LDS,22.5,"If the case needs care beyond first contact, the closest mapped municipality with a recorded hospital is Marawi City, about 22.5 km away by straight-line representative distance. This is not a travel-time route and must be checked against the local referral network.","PhilHealth accreditation exists in the wider province, but the workbook does not connect accreditation, benefit use, and charge exposure to each LGU pathway.","FHSIS is partially transmitting: 7 of 33 assessed RHUs submit fully on time, 9 submit complete indicator data, and all assessed units carry data-quality issues.",No referral-completion observations are recorded in the consolidated regional workbook; the pathway cannot confirm arrival or feedback.
LDS,Lanao del Sur,Lumbaca-Unayan,LGU,LDS · ANNEX A · §A · p. 49,8768,9,,9.0,1,0,0.0,,70.2,46.6,24.2,3.8,0.1,6.2,8768.0,8768.0,0.0,0,0,No,0,0.0,,"Barangay column preserves the 1,159-node 2020 model geography; current administrative coverage is 1,164 barangays and a five-barangay crosswalk is outstanding. 'Without a facility' = barangays with no matched registered health station. No bed column is carried in this annex.",1,0,LUMBACAUNAYAN,LANAODELSUR,7.7294994020000445,124.21284707202452,1903641000.0,LDS::LUMBACAUNAYAN,Municipality representative point,adult blood-pressure or diabetes risk,PhilPEN risk assessment is 0.1% against the regional monitoring target of 25%.,0.1% of adults 20+ risk-assessed,"PhilPEN screening is a counting signal, not a measured hypertension or diabetes prevalence.",1,9.0,"The current records show 1 place for a resident's first health visit: 1 Rural Health Unit and 0 Barangay Health Stations. 9 barangays have no facility matched to them in the current source layer. Residents may need to use a nearby barangay, outreach services, or another local arrangement; this must be confirmed locally.",LDS::BINIDAYAN,Binidayan,LDS,9.6,"If the case needs care beyond first contact, the closest mapped municipality with a recorded hospital is Binidayan, about 9.6 km away by straight-line representative distance. This is not a travel-time route and must be checked against the local referral network.","PhilHealth accreditation exists in the wider province, but the workbook does not connect accreditation, benefit use, and charge exposure to each LGU pathway.","FHSIS is partially transmitting: 7 of 33 assessed RHUs submit fully on time, 9 submit complete indicator data, and all assessed units carry data-quality issues.",No referral-completion observations are recorded in the consolidated regional workbook; the pathway cannot confirm arrival or feedback.
MDN,Maguindanao del Norte,Datu Odin Sinsuat,LGU,MDN · ANNEX A · §A · p. 41,152907,34,,1.0,1,33,2.0,100.0,56.3,69.2,204.4,32.7,0.87,1.77,152907.0,152907.0,0.0,8,7,Yes,33,0.9705882353,0.653992296,'Without a facility' = barangays with no registered barangay health station. Cotabato City is shown for reference and is not a component LGU of the province.,8,7,DATUODINSINSUAT,MAGUINDANAODELNORTE,7.080536590000037,124.29194107332825,1908705000.0,MDN::DATUODINSINSUAT,Municipality representative point,adult blood-pressure or diabetes risk,PhilPEN risk assessment is 0.9% against the regional monitoring target of 25%.,0.9% of adults 20+ risk-assessed,"PhilPEN screening is a counting signal, not a measured hypertension or diabetes prevalence.",34,1.0,"The current records show 34 places for a resident's first health visit: 1 Rural Health Unit and 33 Barangay Health Stations. One barangay has no facility matched to it in the current source layer. Residents may need to use a nearby barangay, outreach services, or another local arrangement; this must be confirmed locally.",MDN::DATUODINSINSUAT,Datu Odin Sinsuat,MDN,0.0,"If the case needs inpatient care, the municipal row records a local hospital or inpatient receiving point. This does not confirm licensure, referral protocol, or actual admission.","The province has accredited institutions, but Konsulta/YAKAP and claims use are not disaggregated to the LGU pathway in the workbook.","FHSIS is the strongest among the four areas but still incomplete: 7 of 11 assessed units submit fully on time, and every assessed unit has data-quality issues.",No referral-completion observations are recorded in the consolidated regional workbook; the pathway cannot confirm arrival or feedback.
MDN,Maguindanao del Norte,Sultan Kudarat,LGU,MDN · ANNEX A · §A · p. 41,124965,39,,9.0,1,30,1.0,200.0,71.4,70.7,163.3,26.1,4.85,1.24,124965.0,124965.0,0.0,6,5,Yes,30,0.7692307692,1.600448125,'Without a facility' = barangays with no registered barangay health station. Cotabato City is shown for reference and is not a component LGU of the province.,7,6,SULTANKUDARAT,MAGUINDANAODELNORTE,7.2630164675000515,124.30771481724696,1908710000.0,MDN::SULTANKUDARAT,Municipality representative point,adult blood-pressure or diabetes risk,PhilPEN risk assessment is 4.8% against the regional monitoring target of 25%.,4.8% of adults 20+ risk-assessed,"PhilPEN screening is a counting signal, not a measured hypertension or diabetes prevalence.",31,9.0,"The current records show 31 places for a resident's first health visit: 1 Rural Health Unit and 30 Barangay Health Stations. 9 barangays have no facility matched to them in the current source layer. Residents may need to use a nearby barangay, outreach services, or another local arrangement; this must be confirmed locally.",MDN::SULTANKUDARAT,Sultan Kudarat,MDN,0.0,"If the case needs inpatient care, the municipal row records a local hospital or inpatient receiving point. This does not confirm licensure, referral protocol, or actual admission.","The province has accredited institutions, but Konsulta/YAKAP and claims use are not disaggregated to the LGU pathway in the workbook.","FHSIS is the strongest among the four areas but still incomplete: 7 of 11 assessed units submit fully on time, and every assessed unit has data-quality issues.",No referral-completion observations are recorded in the consolidated regional workbook; the pathway cannot confirm arrival or feedback.
MDN,Maguindanao del Norte,Parang,LGU,MDN · ANNEX A · §A · p. 41,123209,25,,2.0,1,24,2.0,35.0,51.7,76.4,189.4,30.3,2.48,5.66,123209.0,123209.0,0.0,6,5,Yes,23,0.92,0.2840701572,'Without a facility' = barangays with no registered barangay health station. Cotabato City is shown for reference and is not a component LGU of the province.,7,6,PARANG,MAGUINDANAODELNORTE,7.391418397500075,124.26966755957,1908709000.0,MDN::PARANG,Municipality representative point,adult blood-pressure or diabetes risk,PhilPEN risk assessment is 2.5% against the regional monitoring target of 25%.,2.5% of adults 20+ risk-assessed,"PhilPEN screening is a counting signal, not a measured hypertension or diabetes prevalence.",25,2.0,"The current records show 25 places for a resident's first health visit: 1 Rural Health Unit and 24 Barangay Health Stations. 2 barangays have no facility matched to them in the current source layer. Residents may need to use a nearby barangay, outreach services, or another local arrangement; this must be confirmed locally.",MDN::PARANG,Parang,MDN,0.0,"If the case needs inpatient care, the municipal row records a local hospital or inpatient receiving point. This does not confirm licensure, referral protocol, or actual admission.","The province has accredited institutions, but Konsulta/YAKAP and claims use are not disaggregated to the LGU pathway in the workbook.","FHSIS is the strongest among the four areas but still incomplete: 7 of 11 assessed units submit fully on time, and every assessed unit has data-quality issues.",No referral-completion observations are recorded in the consolidated regional workbook; the pathway cannot confirm arrival or feedback.
MDN,Maguindanao del Norte,Upi,LGU,MDN · ANNEX A · §A · p. 41,65363,23,,6.0,1,17,1.0,25.0,58.5,78.8,268.0,42.9,1.15,9.36,65363.0,65363.0,0.0,3,2,Yes,17,0.7391304348,0.3824793844,'Without a facility' = barangays with no registered barangay health station. Cotabato City is shown for reference and is not a component LGU of the province.,4,3,UPI,MAGUINDANAODELNORTE,6.928500567000043,124.09221791485336,1908713000.0,MDN::UPI,Municipality representative point,adult blood-pressure or diabetes risk,PhilPEN risk assessment is 1.1% against the regional monitoring target of 25%.,1.1% of adults 20+ risk-assessed,"PhilPEN screening is a counting signal, not a measured hypertension or diabetes prevalence.",18,6.0,"The current records show 18 places for a resident's first health visit: 1 Rural Health Unit and 17 Barangay Health Stations. 6 barangays have no facility matched to them in the current source layer. Residents may need to use a nearby barangay, outreach services, or another local arrangement; this must be confirmed locally.",MDN::UPI,Upi,MDN,0.0,"If the case needs inpatient care, the municipal row records a local hospital or inpatient receiving point. This does not confirm licensure, referral protocol, or actual admission.","The province has accredited institutions, but Konsulta/YAKAP and claims use are not disaggregated to the LGU pathway in the workbook.","FHSIS is the strongest among the four areas but still incomplete: 7 of 11 assessed units submit fully on time, and every assessed unit has data-quality issues.",No referral-completion observations are recorded in the consolidated regional workbook; the pathway cannot confirm arrival or feedback.
MDN,Maguindanao del Norte,Buldon,LGU,MDN · ANNEX A · §A · p. 41,45676,15,,3.0,1,12,0.0,,42.2,35.9,95.8,15.3,1.24,5.94,45676.0,45676.0,0.0,2,1,Yes,12,0.8,,'Without a facility' = barangays with no registered barangay health station. Cotabato City is shown for reference and is not a component LGU of the province.,3,2,BULDON,MAGUINDANAODELNORTE,7.490405416000044,124.42591710977254,1908702000.0,MDN::BULDON,Municipality representative point,adult blood-pressure or diabetes risk,PhilPEN risk assessment is 1.2% against the regional monitoring target of 25%.,1.2% of adults 20+ risk-assessed,"PhilPEN screening is a counting signal, not a measured hypertension or diabetes prevalence.",13,3.0,"The current records show 13 places for a resident's first health visit: 1 Rural Health Unit and 12 Barangay Health Stations. 3 barangays have no facility matched to them in the current source layer. Residents may need to use a nearby barangay, outreach services, or another local arrangement; this must be confirmed locally.",MDN::PARANG,Parang,MDN,20.4,"If the case needs care beyond first contact, the closest mapped municipality with a recorded hospital is Parang, about 20.4 km away by straight-line representative distance. This is not a travel-time route and must be checked against the local referral network.","The province has accredited institutions, but Konsulta/YAKAP and claims use are not disaggregated to the LGU pathway in the workbook.","FHSIS is the strongest among the four areas but still incomplete: 7 of 11 assessed units submit fully on time, and every assessed unit has data-quality issues.",No referral-completion observations are recorded in the consolidated regional workbook; the pathway cannot confirm arrival or feedback.
MDN,Maguindanao del Norte,Barira,LGU,MDN · ANNEX A · §A · p. 41,43301,14,,2.0,1,13,0.0,,56.9,34.2,109.8,17.6,2.8,10.25,43301.0,43301.0,0.0,2,1,Yes,12,0.8571428571,,'Without a facility' = barangays with no registered barangay health station. Cotabato City is shown for reference and is not a component LGU of the province.,3,2,BARIRA,MAGUINDANAODELNORTE,7.489853350500027,124.32273507582784,1908701000.0,MDN::BARIRA,Municipality representative point,adult blood-pressure or diabetes risk,PhilPEN risk assessment is 2.8% against the regional monitoring target of 25%.,2.8% of adults 20+ risk-assessed,"PhilPEN screening is a counting signal, not a measured hypertension or diabetes prevalence.",14,2.0,"The current records show 14 places for a resident's first health visit: 1 Rural Health Unit and 13 Barangay Health Stations. 2 barangays have no facility matched to them in the current source layer. Residents may need to use a nearby barangay, outreach services, or another local arrangement; this must be confirmed locally.",MDN::PARANG,Parang,MDN,12.4,"If the case needs care beyond first contact, the closest mapped municipality with a recorded hospital is Parang, about 12.4 km away by straight-line representative distance. This is not a travel-time route and must be checked against the local referral network.","The province has accredited institutions, but Konsulta/YAKAP and claims use are not disaggregated to the LGU pathway in the workbook.","FHSIS is the strongest among the four areas but still incomplete: 7 of 11 assessed units submit fully on time, and every assessed unit has data-quality issues.",No referral-completion observations are recorded in the consolidated regional workbook; the pathway cannot confirm arrival or feedback.
MDN,Maguindanao del Norte,Matanog,LGU,MDN · ANNEX A · §A · p. 41,41146,8,,1.0,1,7,0.0,,50.4,63.5,147.6,23.6,0.79,2.84,41146.0,41146.0,0.0,2,1,Yes,7,0.875,,'Without a facility' = barangays with no registered barangay health station. Cotabato City is shown for reference and is not a component LGU of the province.,3,2,MATANOG,MAGUINDANAODELNORTE,7.483369040500037,124.24476476414584,1908707000.0,MDN::MATANOG,Municipality representative point,adult blood-pressure or diabetes risk,PhilPEN risk assessment is 0.8% against the regional monitoring target of 25%.,0.8% of adults 20+ risk-assessed,"PhilPEN screening is a counting signal, not a measured hypertension or diabetes prevalence.",8,1.0,"The current records show 8 places for a resident's first health visit: 1 Rural Health Unit and 7 Barangay Health Stations. One barangay has no facility matched to it in the current source layer. Residents may need to use a nearby barangay, outreach services, or another local arrangement; this must be confirmed locally.",MDN::PARANG,Parang,MDN,10.6,"If the case needs care beyond first contact, the closest mapped municipality with a recorded hospital is Parang, about 10.6 km away by straight-line representative distance. This is not a travel-time route and must be checked against the local referral network.","The province has accredited institutions, but Konsulta/YAKAP and claims use are not disaggregated to the LGU pathway in the workbook.","FHSIS is the strongest among the four areas but still incomplete: 7 of 11 assessed units submit fully on time, and every assessed unit has data-quality issues.",No referral-completion observations are recorded in the consolidated regional workbook; the pathway cannot confirm arrival or feedback.
MDN,Maguindanao del Norte,Datu Blah T. Sinsuat,LGU,MDN · ANNEX A · §A · p. 41,32088,13,,3.0,1,10,0.0,,41.2,24.0,70.9,11.3,3.39,11.34,32088.0,32088.0,0.0,2,1,Yes,10,0.7692307692,,'Without a facility' = barangays with no registered barangay health station. Cotabato City is shown for reference and is not a component LGU of the province.,2,1,DATUBLAHTSINSUAT,MAGUINDANAODELNORTE,6.925501315000048,124.00476686020444,1908704000.0,MDN::DATUBLAHTSINSUAT,Municipality representative point,adult blood-pressure or diabetes risk,PhilPEN risk assessment is 3.4% against the regional monitoring target of 25%.,3.4% of adults 20+ risk-assessed,"PhilPEN screening is a counting signal, not a measured hypertension or diabetes prevalence.",11,3.0,"The current records show 11 places for a resident's first health visit: 1 Rural Health Unit and 10 Barangay Health Stations. 3 barangays have no facility matched to them in the current source layer. Residents may need to use a nearby barangay, outreach services, or another local arrangement; this must be confirmed locally.",MDN::UPI,Upi,MDN,9.7,"If the case needs care beyond first contact, the closest mapped municipality with a recorded hospital is Upi, about 9.7 km away by straight-line representative distance. This is not a travel-time route and must be checked against the local referral network.","The province has accredited institutions, but Konsulta/YAKAP and claims use are not disaggregated to the LGU pathway in the workbook.","FHSIS is the strongest among the four areas but still incomplete: 7 of 11 assessed units submit fully on time, and every assessed unit has data-quality issues.",No referral-completion observations are recorded in the consolidated regional workbook; the pathway cannot confirm arrival or feedback.
MDN,Maguindanao del Norte,Kabuntalan,LGU,MDN · ANNEX A · §A · p. 41,31863,17,,8.0,1,10,0.0,,85.3,69.6,122.2,19.6,0.43,11.56,31863.0,31863.0,0.0,2,1,Yes,9,0.5294117647,,'Without a facility' = barangays with no registered barangay health station. Cotabato City is shown for reference and is not a component LGU of the province.,2,1,KABUNTALAN,MAGUINDANAODELNORTE,7.121290510000051,124.35897079395627,1908706000.0,MDN::KABUNTALAN,Municipality representative point,adult blood-pressure or diabetes risk,PhilPEN risk assessment is 0.4% against the regional monitoring target of 25%.,0.4% of adults 20+ risk-assessed,"PhilPEN screening is a counting signal, not a measured hypertension or diabetes prevalence.",11,8.0,"The current records show 11 places for a resident's first health visit: 1 Rural Health Unit and 10 Barangay Health Stations. 8 barangays have no facility matched to them in the current source layer. Residents may need to use a nearby barangay, outreach services, or another local arrangement; this must be confirmed locally.",MDN::DATUODINSINSUAT,Datu Odin Sinsuat,MDN,8.7,"If the case needs care beyond first contact, the closest mapped municipality with a recorded hospital is Datu Odin Sinsuat, about 8.7 km away by straight-line representative distance. This is not a travel-time route and must be checked against the local referral network.","The province has accredited institutions, but Konsulta/YAKAP and claims use are not disaggregated to the LGU pathway in the workbook.","FHSIS is the strongest among the four areas but still incomplete: 7 of 11 assessed units submit fully on time, and every assessed unit has data-quality issues.",No referral-completion observations are recorded in the consolidated regional workbook; the pathway cannot confirm arrival or feedback.
MDN,Maguindanao del Norte,Sultan Mastura,LGU,MDN · ANNEX A · §A · p. 41,30828,13,,0.0,1,13,0.0,,72.6,98.0,303.6,48.6,9.51,18.4,30828.0,30828.0,0.0,2,1,Yes,13,1.0,,'Without a facility' = barangays with no registered barangay health station. Cotabato City is shown for reference and is not a component LGU of the province.,2,1,SULTANMASTURA,MAGUINDANAODELNORTE,7.295495301000045,124.2725334039598,1908711000.0,MDN::SULTANMASTURA,Municipality representative point,adult blood-pressure or diabetes risk,PhilPEN risk assessment is 9.5% against the regional monitoring target of 25%.,9.5% of adults 20+ risk-assessed,"PhilPEN screening is a counting signal, not a measured hypertension or diabetes prevalence.",14,0.0,"The current records show 14 places for a resident's first health visit: 1 Rural Health Unit and 13 Barangay Health Stations. Every barangay in this municipal row has a matched first-contact facility in the current records; local validation should still confirm operating status, staffing, and practical accessibility.",MDN::SULTANKUDARAT,Sultan Kudarat,MDN,5.3,"If the case needs care beyond first contact, the closest mapped municipality with a recorded hospital is Sultan Kudarat, about 5.3 km away by straight-line representative distance. This is not a travel-time route and must be checked against the local referral network.","The province has accredited institutions, but Konsulta/YAKAP and claims use are not disaggregated to the LGU pathway in the workbook.","FHSIS is the strongest among the four areas but still incomplete: 7 of 11 assessed units submit fully on time, and every assessed unit has data-quality issues.",No referral-completion observations are recorded in the consolidated regional workbook; the pathway cannot confirm arrival or feedback.
MDN,Maguindanao del Norte,Northern Kabuntalan,LGU,MDN · ANNEX A · §A · p. 41,30332,11,,6.0,1,5,0.0,,54.1,66.6,70.3,11.2,0.33,3.85,30332.0,30332.0,0.0,2,1,Yes,5,0.4545454545,,'Without a facility' = barangays with no registered barangay health station. Cotabato City is shown for reference and is not a component LGU of the province.,2,1,NORTHERNKABUNTALAN,MAGUINDANAODELNORTE,7.1651374865000435,124.40621202028709,1908708000.0,MDN::NORTHERNKABUNTALAN,Municipality representative point,adult blood-pressure or diabetes risk,PhilPEN risk assessment is 0.3% against the regional monitoring target of 25%.,0.3% of adults 20+ risk-assessed,"PhilPEN screening is a counting signal, not a measured hypertension or diabetes prevalence.",6,6.0,"The current records show 6 places for a resident's first health visit: 1 Rural Health Unit and 5 Barangay Health Stations. 6 barangays have no facility matched to them in the current source layer. Residents may need to use a nearby barangay, outreach services, or another local arrangement; this must be confirmed locally.",MDN::SULTANKUDARAT,Sultan Kudarat,MDN,15.4,"If the case needs care beyond first contact, the closest mapped municipality with a recorded hospital is Sultan Kudarat, about 15.4 km away by straight-line representative distance. This is not a travel-time route and must be checked against the local referral network.","The province has accredited institutions, but Konsulta/YAKAP and claims use are not disaggregated to the LGU pathway in the workbook.","FHSIS is the strongest among the four areas but still incomplete: 7 of 11 assessed units submit fully on time, and every assessed unit has data-quality issues.",No referral-completion observations are recorded in the consolidated regional workbook; the pathway cannot confirm arrival or feedback.
MDN,Maguindanao del Norte,Talitay,LGU,MDN · ANNEX A · §A · p. 41,19750,9,,5.0,1,4,0.0,,80.7,28.2,159.2,25.5,1.77,5.99,19750.0,19750.0,0.0,1,0,No,4,0.4444444444,,'Without a facility' = barangays with no registered barangay health station. Cotabato City is shown for reference and is not a component LGU of the province.,1,0,TALITAY,MAGUINDANAODELNORTE,7.039027987000054,124.3698028661969,1908712000.0,MDN::TALITAY,Municipality representative point,adult blood-pressure or diabetes risk,PhilPEN risk assessment is 1.8% against the regional monitoring target of 25%.,1.8% of adults 20+ risk-assessed,"PhilPEN screening is a counting signal, not a measured hypertension or diabetes prevalence.",5,5.0,"The current records show 5 places for a resident's first health visit: 1 Rural Health Unit and 4 Barangay Health Stations. 5 barangays have no facility matched to them in the current source layer. Residents may need to use a nearby barangay, outreach services, or another local arrangement; this must be confirmed locally.",MDN::DATUODINSINSUAT,Datu Odin Sinsuat,MDN,9.8,"If the case needs care beyond first contact, the closest mapped municipality with a recorded hospital is Datu Odin Sinsuat, about 9.8 km away by straight-line representative distance. This is not a travel-time route and must be checked against the local referral network.","The province has accredited institutions, but Konsulta/YAKAP and claims use are not disaggregated to the LGU pathway in the workbook.","FHSIS is the strongest among the four areas but still incomplete: 7 of 11 assessed units submit fully on time, and every assessed unit has data-quality issues.",No referral-completion observations are recorded in the consolidated regional workbook; the pathway cannot confirm arrival or feedback.
MDS,Maguindanao del Sur,Buluan,LGU,MDS · ANNEX A · § · page not in contents list,60931,7,,4.0,1,2,1.0,139.0,63.1,74.47,236.5,37.8,5.12,,60931.0,60931.0,0.0,3,2,Yes,3,0.4285714286,2.281268976,'Without a facility' = barangays carrying no registered facility of any type. Beds are licensed beds of all classes.,4,3,BULUAN,MAGUINDANAODELSUR,6.69804470400004,124.8021720831942,1908802000.0,MDS::BULUAN,Municipality representative point,adult blood-pressure or diabetes risk,PhilPEN risk assessment is 5.1% against the regional monitoring target of 25%.,5.1% of adults 20+ risk-assessed,"PhilPEN screening is a counting signal, not a measured hypertension or diabetes prevalence.",3,4.0,"The current records show 3 places for a resident's first health visit: 1 Rural Health Unit and 2 Barangay Health Stations. 4 barangays have no facility matched to them in the current source layer. Residents may need to use a nearby barangay, outreach services, or another local arrangement; this must be confirmed locally.",MDS::BULUAN,Buluan,MDS,0.0,"If the case needs inpatient care, the municipal row records a local hospital or inpatient receiving point. This does not confirm licensure, referral protocol, or actual admission.","A substantial accreditation base is recorded, but current PhilHealth return and service throughput cannot be computed for the post-split province.","FHSIS is partially transmitting: 7 of 22 assessed units submit fully on time, and every assessed unit has data-quality issues.",No referral-completion observations are recorded in the consolidated regional workbook; the pathway cannot confirm arrival or feedback.
MDS,Maguindanao del Sur,South Upi,LGU,MDS · ANNEX A · § · page not in contents list,50018,11,,0.0,1,10,1.0,27.0,79.95,63.0,134.57,21.5,1.79,,50018.0,50018.0,0.0,3,2,Yes,11,1.0,0.53980567,'Without a facility' = barangays carrying no registered facility of any type. Beds are licensed beds of all classes.,3,2,SOUTHUPI,MAGUINDANAODELSUR,6.8191076780000515,124.23043338922292,1908822000.0,MDS::SOUTHUPI,Municipality representative point,adult blood-pressure or diabetes risk,PhilPEN risk assessment is 1.8% against the regional monitoring target of 25%.,1.8% of adults 20+ risk-assessed,"PhilPEN screening is a counting signal, not a measured hypertension or diabetes prevalence.",11,0.0,"The current records show 11 places for a resident's first health visit: 1 Rural Health Unit and 10 Barangay Health Stations. Every barangay in this municipal row has a matched first-contact facility in the current records; local validation should still confirm operating status, staffing, and practical accessibility.",MDS::SOUTHUPI,South Upi,MDS,0.0,"If the case needs inpatient care, the municipal row records a local hospital or inpatient receiving point. This does not confirm licensure, referral protocol, or actual admission.","A substantial accreditation base is recorded, but current PhilHealth return and service throughput cannot be computed for the post-split province.","FHSIS is partially transmitting: 7 of 22 assessed units submit fully on time, and every assessed unit has data-quality issues.",No referral-completion observations are recorded in the consolidated regional workbook; the pathway cannot confirm arrival or feedback.
MDS,Maguindanao del Sur,Pagalungan,LGU,MDS · ANNEX A · § · page not in contents list,49326,12,,9.0,1,3,0.0,6.0,44.17,43.04,80.96,13.0,10.05,,49326.0,49326.0,0.0,2,1,Yes,3,0.25,0.1216397032,'Without a facility' = barangays carrying no registered facility of any type. Beds are licensed beds of all classes.,3,2,PAGALUNGAN,MAGUINDANAODELSUR,6.943612248000051,124.73115017407709,1908816000.0,MDS::PAGALUNGAN,Municipality representative point,presumptive tuberculosis,TB detection is 13.0% against the two-year monitoring target of 40%.,13.0% TB detection ratio,"TB detection is derived from notifications against expected incidence, not a complete case register.",4,9.0,"The current records show 4 places for a resident's first health visit: 1 Rural Health Unit and 3 Barangay Health Stations. 9 barangays have no facility matched to them in the current source layer. Residents may need to use a nearby barangay, outreach services, or another local arrangement; this must be confirmed locally.",MDS::BULUAN,Buluan,MDS,28.4,"If the case needs care beyond first contact, the closest mapped municipality with a recorded hospital is Buluan, about 28.4 km away by straight-line representative distance. This is not a travel-time route and must be checked against the local referral network.","A substantial accreditation base is recorded, but current PhilHealth return and service throughput cannot be computed for the post-split province.","FHSIS is partially transmitting: 7 of 22 assessed units submit fully on time, and every assessed unit has data-quality issues.",No referral-completion observations are recorded in the consolidated regional workbook; the pathway cannot confirm arrival or feedback.
MDS,Maguindanao del Sur,Pagagawan,LGU,MDS · ANNEX A · § · page not in contents list,42181,11,,5.0,1,5,0.0,2.0,48.57,30.17,118.88,19.0,0.88,,42181.0,42181.0,0.0,2,1,Yes,6,0.5454545455,0.04741471279,'Without a facility' = barangays carrying no registered facility of any type. Beds are licensed beds of all classes.,3,2,PAGAGAWAN,MAGUINDANAODELSUR,7.066971192500034,124.77898229858071,1908815000.0,MDS::PAGAGAWAN,Municipality representative point,adult blood-pressure or diabetes risk,PhilPEN risk assessment is 0.9% against the regional monitoring target of 25%.,0.9% of adults 20+ risk-assessed,"PhilPEN screening is a counting signal, not a measured hypertension or diabetes prevalence.",6,5.0,"The current records show 6 places for a resident's first health visit: 1 Rural Health Unit and 5 Barangay Health Stations. 5 barangays have no facility matched to them in the current source layer. Residents may need to use a nearby barangay, outreach services, or another local arrangement; this must be confirmed locally.",MDS::DATUPAGLAS,Datu Paglas,MDS,39.4,"If the case needs care beyond first contact, the closest mapped municipality with a recorded hospital is Datu Paglas, about 39.4 km away by straight-line representative distance. This is not a travel-time route and must be checked against the local referral network.","A substantial accreditation base is recorded, but current PhilHealth return and service throughput cannot be computed for the post-split province.","FHSIS is partially transmitting: 7 of 22 assessed units submit fully on time, and every assessed unit has data-quality issues.",No referral-completion observations are recorded in the consolidated regional workbook; the pathway cannot confirm arrival or feedback.
MDS,Maguindanao del Sur,Talayan,LGU,MDS · ANNEX A · § · page not in contents list,39182,15,,5.0,1,9,0.0,4.0,62.2,91.58,171.58,27.5,2.81,,39182.0,39182.0,0.0,2,1,Yes,10,0.6666666667,0.1020876933,'Without a facility' = barangays carrying no registered facility of any type. Beds are licensed beds of all classes.,2,1,TALAYAN,MAGUINDANAODELSUR,6.938439450000033,124.26355986104193,1908824000.0,MDS::TALAYAN,Municipality representative point,adult blood-pressure or diabetes risk,PhilPEN risk assessment is 2.8% against the regional monitoring target of 25%.,2.8% of adults 20+ risk-assessed,"PhilPEN screening is a counting signal, not a measured hypertension or diabetes prevalence.",10,5.0,"The current records show 10 places for a resident's first health visit: 1 Rural Health Unit and 9 Barangay Health Stations. 5 barangays have no facility matched to them in the current source layer. Residents may need to use a nearby barangay, outreach services, or another local arrangement; this must be confirmed locally.",MDS::GUINDULUNGAN,Guindulungan,MDS,11.2,"If the case needs care beyond first contact, the closest mapped municipality with a recorded hospital is Guindulungan, about 11.2 km away by straight-line representative distance. This is not a travel-time route and must be checked against the local referral network.","A substantial accreditation base is recorded, but current PhilHealth return and service throughput cannot be computed for the post-split province.","FHSIS is partially transmitting: 7 of 22 assessed units submit fully on time, and every assessed unit has data-quality issues.",No referral-completion observations are recorded in the consolidated regional workbook; the pathway cannot confirm arrival or feedback.
MDS,Maguindanao del Sur,Datu Paglas,LGU,MDS · ANNEX A · § · page not in contents list,38446,23,,13.0,1,9,1.0,33.0,89.07,94.7,169.62,27.1,10.08,,38446.0,38446.0,0.0,2,1,Yes,10,0.4347826087,0.8583467721,'Without a facility' = barangays carrying no registered facility of any type. Beds are licensed beds of all classes.,2,1,DATUPAGLAS,MAGUINDANAODELSUR,6.737987823500049,124.91129727395018,1908806000.0,MDS::DATUPAGLAS,Municipality representative point,adult blood-pressure or diabetes risk,PhilPEN risk assessment is 10.1% against the regional monitoring target of 25%.,10.1% of adults 20+ risk-assessed,"PhilPEN screening is a counting signal, not a measured hypertension or diabetes prevalence.",10,13.0,"The current records show 10 places for a resident's first health visit: 1 Rural Health Unit and 9 Barangay Health Stations. 13 barangays have no facility matched to them in the current source layer. Residents may need to use a nearby barangay, outreach services, or another local arrangement; this must be confirmed locally.",MDS::DATUPAGLAS,Datu Paglas,MDS,0.0,"If the case needs inpatient care, the municipal row records a local hospital or inpatient receiving point. This does not confirm licensure, referral protocol, or actual admission.","A substantial accreditation base is recorded, but current PhilHealth return and service throughput cannot be computed for the post-split province.","FHSIS is partially transmitting: 7 of 22 assessed units submit fully on time, and every assessed unit has data-quality issues.",No referral-completion observations are recorded in the consolidated regional workbook; the pathway cannot confirm arrival or feedback.
MDS,Maguindanao del Sur,Shariff Aguak,LGU,MDS · ANNEX A · § · page not in contents list,37437,13,,6.0,1,6,1.0,74.0,62.36,83.06,218.57,35.0,2.39,,37437.0,37437.0,0.0,2,1,Yes,7,0.5384615385,1.976654112,'Without a facility' = barangays carrying no registered facility of any type. Beds are licensed beds of all classes.,2,1,SHARIFFAGUAK,MAGUINDANAODELSUR,6.8610172,124.4444871,,MDS::SHARIFFAGUAK,Public geocoder representative point,adult blood-pressure or diabetes risk,PhilPEN risk assessment is 2.4% against the regional monitoring target of 25%.,2.4% of adults 20+ risk-assessed,"PhilPEN screening is a counting signal, not a measured hypertension or diabetes prevalence.",7,6.0,"The current records show 7 places for a resident's first health visit: 1 Rural Health Unit and 6 Barangay Health Stations. 6 barangays have no facility matched to them in the current source layer. Residents may need to use a nearby barangay, outreach services, or another local arrangement; this must be confirmed locally.",MDS::SHARIFFAGUAK,Shariff Aguak,MDS,0.0,"If the case needs inpatient care, the municipal row records a local hospital or inpatient receiving point. This does not confirm licensure, referral protocol, or actual admission.","A substantial accreditation base is recorded, but current PhilHealth return and service throughput cannot be computed for the post-split province.","FHSIS is partially transmitting: 7 of 22 assessed units submit fully on time, and every assessed unit has data-quality issues.",No referral-completion observations are recorded in the consolidated regional workbook; the pathway cannot confirm arrival or feedback.
MDS,Maguindanao del Sur,Datu Abdullah Sangki,LGU,MDS · ANNEX A · § · page not in contents list,35274,10,,5.0,1,3,0.0,7.0,52.03,72.41,176.88,28.3,0.47,,35274.0,35274.0,0.0,2,1,Yes,5,0.5,0.1984464478,'Without a facility' = barangays carrying no registered facility of any type. Beds are licensed beds of all classes.,2,1,DATUABDULLAHSANGKI,MAGUINDANAODELSUR,6.817619725000043,124.54147630021656,1908803000.0,MDS::DATUABDULLAHSANGKI,Municipality representative point,adult blood-pressure or diabetes risk,PhilPEN risk assessment is 0.5% against the regional monitoring target of 25%.,0.5% of adults 20+ risk-assessed,"PhilPEN screening is a counting signal, not a measured hypertension or diabetes prevalence.",4,5.0,"The current records show 4 places for a resident's first health visit: 1 Rural Health Unit and 3 Barangay Health Stations. 5 barangays have no facility matched to them in the current source layer. Residents may need to use a nearby barangay, outreach services, or another local arrangement; this must be confirmed locally.",MDS::SHARIFFAGUAK,Shariff Aguak,MDS,11.7,"If the case needs care beyond first contact, the closest mapped municipality with a recorded hospital is Shariff Aguak, about 11.7 km away by straight-line representative distance. This is not a travel-time route and must be checked against the local referral network.","A substantial accreditation base is recorded, but current PhilHealth return and service throughput cannot be computed for the post-split province.","FHSIS is partially transmitting: 7 of 22 assessed units submit fully on time, and every assessed unit has data-quality issues.",No referral-completion observations are recorded in the consolidated regional workbook; the pathway cannot confirm arrival or feedback.
MDS,Maguindanao del Sur,Datu Anggal Midtimbang,LGU,MDS · ANNEX A · § · page not in contents list,35243,7,,1.0,1,5,0.0,39.0,63.68,63.38,111.43,17.8,0.61,,35243.0,35243.0,0.0,2,1,Yes,6,0.8571428571,1.10660273,'Without a facility' = barangays carrying no registered facility of any type. Beds are licensed beds of all classes.,2,1,DATUANGGALMIDTIMBANG,MAGUINDANAODELSUR,7.017577607500044,124.38806635324802,1908804000.0,MDS::DATUANGGALMIDTIMBANG,Municipality representative point,adult blood-pressure or diabetes risk,PhilPEN risk assessment is 0.6% against the regional monitoring target of 25%.,0.6% of adults 20+ risk-assessed,"PhilPEN screening is a counting signal, not a measured hypertension or diabetes prevalence.",6,1.0,"The current records show 6 places for a resident's first health visit: 1 Rural Health Unit and 5 Barangay Health Stations. One barangay has no facility matched to it in the current source layer. Residents may need to use a nearby barangay, outreach services, or another local arrangement; this must be confirmed locally.",MDS::GUINDULUNGAN,Guindulungan,MDS,10.2,"If the case needs care beyond first contact, the closest mapped municipality with a recorded hospital is Guindulungan, about 10.2 km away by straight-line representative distance. This is not a travel-time route and must be checked against the local referral network.","A substantial accreditation base is recorded, but current PhilHealth return and service throughput cannot be computed for the post-split province.","FHSIS is partially transmitting: 7 of 22 assessed units submit fully on time, and every assessed unit has data-quality issues.",No referral-completion observations are recorded in the consolidated regional workbook; the pathway cannot confirm arrival or feedback.
MDS,Maguindanao del Sur,Gen. S.K. Pendatun,LGU,MDS · ANNEX A · § · page not in contents list,33710,19,,0.0,1,18,0.0,21.0,62.71,82.52,210.42,33.7,4.27,,33710.0,33710.0,0.0,2,1,Yes,19,1.0,0.6229605458,'Without a facility' = barangays carrying no registered facility of any type. Beds are licensed beds of all classes.,2,1,GENSKPENDATUN,MAGUINDANAODELSUR,6.829211260000051,124.7422807258155,1908811000.0,MDS::GENSKPENDATUN,Municipality representative point,adult blood-pressure or diabetes risk,PhilPEN risk assessment is 4.3% against the regional monitoring target of 25%.,4.3% of adults 20+ risk-assessed,"PhilPEN screening is a counting signal, not a measured hypertension or diabetes prevalence.",19,0.0,"The current records show 19 places for a resident's first health visit: 1 Rural Health Unit and 18 Barangay Health Stations. Every barangay in this municipal row has a matched first-contact facility in the current records; local validation should still confirm operating status, staffing, and practical accessibility.",MDS::BULUAN,Buluan,MDS,16.0,"If the case needs care beyond first contact, the closest mapped municipality with a recorded hospital is Buluan, about 16.0 km away by straight-line representative distance. This is not a travel-time route and must be checked against the local referral network.","A substantial accreditation base is recorded, but current PhilHealth return and service throughput cannot be computed for the post-split province.","FHSIS is partially transmitting: 7 of 22 assessed units submit fully on time, and every assessed unit has data-quality issues.",No referral-completion observations are recorded in the consolidated regional workbook; the pathway cannot confirm arrival or feedback.
MDS,Maguindanao del Sur,Datu Saudi-Ampatuan,LGU,MDS · ANNEX A · § · page not in contents list,33374,8,,0.0,1,6,0.0,27.0,37.41,74.93,191.8,30.7,11.16,,33374.0,33374.0,0.0,2,1,Yes,8,1.0,0.8090130041,'Without a facility' = barangays carrying no registered facility of any type. Beds are licensed beds of all classes.,2,1,DATUSAUDIAMPATUAN,MAGUINDANAODELSUR,6.954556030000049,124.44304237386712,1908809000.0,MDS::DATUSAUDIAMPATUAN,Municipality representative point,child fever or vaccine-preventable illness,Fully immunized child coverage is 37.4%; low coverage increases the planning relevance of fever and measles pathways.,37.4% fully immunized child coverage,FIC is an administrative coverage signal and can exceed 100% where denominators or returns are inconsistent.,7,0.0,"The current records show 7 places for a resident's first health visit: 1 Rural Health Unit and 6 Barangay Health Stations. Every barangay in this municipal row has a matched first-contact facility in the current records; local validation should still confirm operating status, staffing, and practical accessibility.",MDS::GUINDULUNGAN,Guindulungan,MDS,9.1,"If the case needs care beyond first contact, the closest mapped municipality with a recorded hospital is Guindulungan, about 9.1 km away by straight-line representative distance. This is not a travel-time route and must be checked against the local referral network.","A substantial accreditation base is recorded, but current PhilHealth return and service throughput cannot be computed for the post-split province.","FHSIS is partially transmitting: 7 of 22 assessed units submit fully on time, and every assessed unit has data-quality issues.",No referral-completion observations are recorded in the consolidated regional workbook; the pathway cannot confirm arrival or feedback.
MDS,Maguindanao del Sur,Mamasapano,LGU,MDS · ANNEX A · § · page not in contents list,32831,14,,7.0,1,6,0.0,2.0,45.16,33.38,102.19,16.4,4.0,,32831.0,32831.0,0.0,2,1,Yes,7,0.5,0.06091803478,'Without a facility' = barangays carrying no registered facility of any type. Beds are licensed beds of all classes.,2,1,MAMASAPANO,MAGUINDANAODELSUR,6.92477931150006,124.5230141126692,1908813000.0,MDS::MAMASAPANO,Municipality representative point,adult blood-pressure or diabetes risk,PhilPEN risk assessment is 4.0% against the regional monitoring target of 25%.,4.0% of adults 20+ risk-assessed,"PhilPEN screening is a counting signal, not a measured hypertension or diabetes prevalence.",7,7.0,"The current records show 7 places for a resident's first health visit: 1 Rural Health Unit and 6 Barangay Health Stations. 7 barangays have no facility matched to them in the current source layer. Residents may need to use a nearby barangay, outreach services, or another local arrangement; this must be confirmed locally.",MDS::SHARIFFAGUAK,Shariff Aguak,MDS,11.2,"If the case needs care beyond first contact, the closest mapped municipality with a recorded hospital is Shariff Aguak, about 11.2 km away by straight-line representative distance. This is not a travel-time route and must be checked against the local referral network.","A substantial accreditation base is recorded, but current PhilHealth return and service throughput cannot be computed for the post-split province.","FHSIS is partially transmitting: 7 of 22 assessed units submit fully on time, and every assessed unit has data-quality issues.",No referral-completion observations are recorded in the consolidated regional workbook; the pathway cannot confirm arrival or feedback.
MDS,Maguindanao del Sur,Ampatuan,LGU,MDS · ANNEX A · § · page not in contents list,31560,11,,6.0,1,3,0.0,6.0,63.09,73.79,235.02,37.6,4.62,,31560.0,31560.0,0.0,2,1,Yes,5,0.4545454545,0.1901140684,'Without a facility' = barangays carrying no registered facility of any type. Beds are licensed beds of all classes.,2,1,AMPATUAN,MAGUINDANAODELSUR,6.79463610600007,124.42226728601432,1908801000.0,MDS::AMPATUAN,Municipality representative point,adult blood-pressure or diabetes risk,PhilPEN risk assessment is 4.6% against the regional monitoring target of 25%.,4.6% of adults 20+ risk-assessed,"PhilPEN screening is a counting signal, not a measured hypertension or diabetes prevalence.",4,6.0,"The current records show 4 places for a resident's first health visit: 1 Rural Health Unit and 3 Barangay Health Stations. 6 barangays have no facility matched to them in the current source layer. Residents may need to use a nearby barangay, outreach services, or another local arrangement; this must be confirmed locally.",MDS::DATUHOFFERAMPATUAN,Datu Hoffer Ampatuan,MDS,7.1,"If the case needs care beyond first contact, the closest mapped municipality with a recorded hospital is Datu Hoffer Ampatuan, about 7.1 km away by straight-line representative distance. This is not a travel-time route and must be checked against the local referral network.","A substantial accreditation base is recorded, but current PhilHealth return and service throughput cannot be computed for the post-split province.","FHSIS is partially transmitting: 7 of 22 assessed units submit fully on time, and every assessed unit has data-quality issues.",No referral-completion observations are recorded in the consolidated regional workbook; the pathway cannot confirm arrival or feedback.
MDS,Maguindanao del Sur,Rajah Buayan,LGU,MDS · ANNEX A · § · page not in contents list,31329,11,,6.0,1,4,0.0,14.0,55.51,20.14,160.73,25.7,1.78,,31329.0,31329.0,0.0,2,1,Yes,5,0.4545454545,0.4468703119,'Without a facility' = barangays carrying no registered facility of any type. Beds are licensed beds of all classes.,2,1,RAJAHBUAYAN,MAGUINDANAODELSUR,6.923854360500059,124.5780344763376,1908819000.0,MDS::RAJAHBUAYAN,Municipality representative point,adult blood-pressure or diabetes risk,PhilPEN risk assessment is 1.8% against the regional monitoring target of 25%.,1.8% of adults 20+ risk-assessed,"PhilPEN screening is a counting signal, not a measured hypertension or diabetes prevalence.",5,6.0,"The current records show 5 places for a resident's first health visit: 1 Rural Health Unit and 4 Barangay Health Stations. 6 barangays have no facility matched to them in the current source layer. Residents may need to use a nearby barangay, outreach services, or another local arrangement; this must be confirmed locally.",MDS::SHARIFFAGUAK,Shariff Aguak,MDS,16.3,"If the case needs care beyond first contact, the closest mapped municipality with a recorded hospital is Shariff Aguak, about 16.3 km away by straight-line representative distance. This is not a travel-time route and must be checked against the local referral network.","A substantial accreditation base is recorded, but current PhilHealth return and service throughput cannot be computed for the post-split province.","FHSIS is partially transmitting: 7 of 22 assessed units submit fully on time, and every assessed unit has data-quality issues.",No referral-completion observations are recorded in the consolidated regional workbook; the pathway cannot confirm arrival or feedback.
MDS,Maguindanao del Sur,Datu Piang,LGU,MDS · ANNEX A · § · page not in contents list,31063,16,,10.0,1,5,0.0,14.0,68.15,58.1,293.7,47.0,0.42,,31063.0,31063.0,0.0,2,1,Yes,6,0.375,0.4506969707,'Without a facility' = barangays carrying no registered facility of any type. Beds are licensed beds of all classes.,2,1,DATUPIANG,MAGUINDANAODELSUR,7.041411770000053,124.4575335360366,1908807000.0,MDS::DATUPIANG,Municipality representative point,adult blood-pressure or diabetes risk,PhilPEN risk assessment is 0.4% against the regional monitoring target of 25%.,0.4% of adults 20+ risk-assessed,"PhilPEN screening is a counting signal, not a measured hypertension or diabetes prevalence.",6,10.0,"The current records show 6 places for a resident's first health visit: 1 Rural Health Unit and 5 Barangay Health Stations. 10 barangays have no facility matched to them in the current source layer. Residents may need to use a nearby barangay, outreach services, or another local arrangement; this must be confirmed locally.",MDS::GUINDULUNGAN,Guindulungan,MDS,16.2,"If the case needs care beyond first contact, the closest mapped municipality with a recorded hospital is Guindulungan, about 16.2 km away by straight-line representative distance. This is not a travel-time route and must be checked against the local referral network.","A substantial accreditation base is recorded, but current PhilHealth return and service throughput cannot be computed for the post-split province.","FHSIS is partially transmitting: 7 of 22 assessed units submit fully on time, and every assessed unit has data-quality issues.",No referral-completion observations are recorded in the consolidated regional workbook; the pathway cannot confirm arrival or feedback.
MDS,Maguindanao del Sur,Shariff Saydona Mustapha,LGU,MDS · ANNEX A · § · page not in contents list,29707,16,,7.0,1,7,0.0,7.0,28.62,39.13,123.39,19.7,2.94,,29707.0,29707.0,0.0,1,0,Yes,9,0.5625,0.2356346989,'Without a facility' = barangays carrying no registered facility of any type. Beds are licensed beds of all classes.,2,1,SHARIFFSAYDONAMUSTAPHA,MAGUINDANAODELSUR,6.944465692000023,124.46315711666853,1908821000.0,MDS::SHARIFFSAYDONAMUSTAPHA,Municipality representative point,adult blood-pressure or diabetes risk,PhilPEN risk assessment is 2.9% against the regional monitoring target of 25%.,2.9% of adults 20+ risk-assessed,"PhilPEN screening is a counting signal, not a measured hypertension or diabetes prevalence.",8,7.0,"The current records show 8 places for a resident's first health visit: 1 Rural Health Unit and 7 Barangay Health Stations. 7 barangays have no facility matched to them in the current source layer. Residents may need to use a nearby barangay, outreach services, or another local arrangement; this must be confirmed locally.",MDS::SHARIFFAGUAK,Shariff Aguak,MDS,9.5,"If the case needs care beyond first contact, the closest mapped municipality with a recorded hospital is Shariff Aguak, about 9.5 km away by straight-line representative distance. This is not a travel-time route and must be checked against the local referral network.","A substantial accreditation base is recorded, but current PhilHealth return and service throughput cannot be computed for the post-split province.","FHSIS is partially transmitting: 7 of 22 assessed units submit fully on time, and every assessed unit has data-quality issues.",No referral-completion observations are recorded in the consolidated regional workbook; the pathway cannot confirm arrival or feedback.
MDS,Maguindanao del Sur,Pandag,LGU,MDS · ANNEX A · § · page not in contents list,29244,8,,3.0,1,4,0.0,4.0,55.41,75.51,80.91,12.9,7.34,,29244.0,29244.0,0.0,1,0,Yes,5,0.625,0.1367801942,'Without a facility' = barangays carrying no registered facility of any type. Beds are licensed beds of all classes.,2,1,PANDAG,MAGUINDANAODELSUR,6.764332597000049,124.80266312988292,1908818000.0,MDS::PANDAG,Municipality representative point,adult blood-pressure or diabetes risk,PhilPEN risk assessment is 7.3% against the regional monitoring target of 25%.,7.3% of adults 20+ risk-assessed,"PhilPEN screening is a counting signal, not a measured hypertension or diabetes prevalence.",5,3.0,"The current records show 5 places for a resident's first health visit: 1 Rural Health Unit and 4 Barangay Health Stations. 3 barangays have no facility matched to them in the current source layer. Residents may need to use a nearby barangay, outreach services, or another local arrangement; this must be confirmed locally.",MDS::BULUAN,Buluan,MDS,7.4,"If the case needs care beyond first contact, the closest mapped municipality with a recorded hospital is Buluan, about 7.4 km away by straight-line representative distance. This is not a travel-time route and must be checked against the local referral network.","A substantial accreditation base is recorded, but current PhilHealth return and service throughput cannot be computed for the post-split province.","FHSIS is partially transmitting: 7 of 22 assessed units submit fully on time, and every assessed unit has data-quality issues.",No referral-completion observations are recorded in the consolidated regional workbook; the pathway cannot confirm arrival or feedback.
MDS,Maguindanao del Sur,Mangudadatu,LGU,MDS · ANNEX A · § · page not in contents list,28511,8,,6.0,1,1,0.0,2.0,58.24,53.3,128.17,20.5,2.7,,28511.0,28511.0,0.0,1,0,Yes,2,0.25,0.07014836379,'Without a facility' = barangays carrying no registered facility of any type. Beds are licensed beds of all classes.,2,1,MANGUDADATU,MAGUINDANAODELSUR,6.662962034500055,124.8711255633931,1908814000.0,MDS::MANGUDADATU,Municipality representative point,adult blood-pressure or diabetes risk,PhilPEN risk assessment is 2.7% against the regional monitoring target of 25%.,2.7% of adults 20+ risk-assessed,"PhilPEN screening is a counting signal, not a measured hypertension or diabetes prevalence.",2,6.0,"The current records show 2 places for a resident's first health visit: 1 Rural Health Unit and 1 Barangay Health Station. 6 barangays have no facility matched to them in the current source layer. Residents may need to use a nearby barangay, outreach services, or another local arrangement; this must be confirmed locally.",MDS::BULUAN,Buluan,MDS,8.6,"If the case needs care beyond first contact, the closest mapped municipality with a recorded hospital is Buluan, about 8.6 km away by straight-line representative distance. This is not a travel-time route and must be checked against the local referral network.","A substantial accreditation base is recorded, but current PhilHealth return and service throughput cannot be computed for the post-split province.","FHSIS is partially transmitting: 7 of 22 assessed units submit fully on time, and every assessed unit has data-quality issues.",No referral-completion observations are recorded in the consolidated regional workbook; the pathway cannot confirm arrival or feedback.
MDS,Maguindanao del Sur,Guindulungan,LGU,MDS · ANNEX A · § · page not in contents list,28471,11,,7.0,1,3,1.0,27.0,83.16,81.08,216.38,34.6,4.02,,28471.0,28471.0,0.0,1,0,Yes,4,0.3636363636,0.9483333919,'Without a facility' = barangays carrying no registered facility of any type. Beds are licensed beds of all classes.,2,1,GUINDULUNGAN,MAGUINDANAODELSUR,6.929125293000055,124.36443701266175,1908812000.0,MDS::GUINDULUNGAN,Municipality representative point,adult blood-pressure or diabetes risk,PhilPEN risk assessment is 4.0% against the regional monitoring target of 25%.,4.0% of adults 20+ risk-assessed,"PhilPEN screening is a counting signal, not a measured hypertension or diabetes prevalence.",4,7.0,"The current records show 4 places for a resident's first health visit: 1 Rural Health Unit and 3 Barangay Health Stations. 7 barangays have no facility matched to them in the current source layer. Residents may need to use a nearby barangay, outreach services, or another local arrangement; this must be confirmed locally.",MDS::GUINDULUNGAN,Guindulungan,MDS,0.0,"If the case needs inpatient care, the municipal row records a local hospital or inpatient receiving point. This does not confirm licensure, referral protocol, or actual admission.","A substantial accreditation base is recorded, but current PhilHealth return and service throughput cannot be computed for the post-split province.","FHSIS is partially transmitting: 7 of 22 assessed units submit fully on time, and every assessed unit has data-quality issues.",No referral-completion observations are recorded in the consolidated regional workbook; the pathway cannot confirm arrival or feedback.
MDS,Maguindanao del Sur,Sultan sa Barongis,LGU,MDS · ANNEX A · § · page not in contents list,27929,12,,2.0,1,8,0.0,22.0,36.47,30.03,244.85,39.2,4.51,,27929.0,27929.0,0.0,1,0,Yes,10,0.8333333333,0.7877116975,'Without a facility' = barangays carrying no registered facility of any type. Beds are licensed beds of all classes.,2,1,SULTANSABARONGIS,MAGUINDANAODELSUR,6.920274133000049,124.64662599902243,1908823000.0,MDS::SULTANSABARONGIS,Municipality representative point,adult blood-pressure or diabetes risk,PhilPEN risk assessment is 4.5% against the regional monitoring target of 25%.,4.5% of adults 20+ risk-assessed,"PhilPEN screening is a counting signal, not a measured hypertension or diabetes prevalence.",9,2.0,"The current records show 9 places for a resident's first health visit: 1 Rural Health Unit and 8 Barangay Health Stations. 2 barangays have no facility matched to them in the current source layer. Residents may need to use a nearby barangay, outreach services, or another local arrangement; this must be confirmed locally.",MDS::SHARIFFAGUAK,Shariff Aguak,MDS,23.3,"If the case needs care beyond first contact, the closest mapped municipality with a recorded hospital is Shariff Aguak, about 23.3 km away by straight-line representative distance. This is not a travel-time route and must be checked against the local referral network.","A substantial accreditation base is recorded, but current PhilHealth return and service throughput cannot be computed for the post-split province.","FHSIS is partially transmitting: 7 of 22 assessed units submit fully on time, and every assessed unit has data-quality issues.",No referral-completion observations are recorded in the consolidated regional workbook; the pathway cannot confirm arrival or feedback.
MDS,Maguindanao del Sur,Datu Hoffer Ampatuan,LGU,MDS · ANNEX A · § · page not in contents list,27678,11,,5.0,1,5,1.0,301.0,24.43,36.08,64.17,10.3,2.05,,27678.0,27678.0,0.0,1,0,Yes,6,0.5454545455,10.87506323,'Without a facility' = barangays carrying no registered facility of any type. Beds are licensed beds of all classes.,2,1,DATUHOFFERAMPATUAN,MAGUINDANAODELSUR,6.857355214500046,124.41113312540593,1908805000.0,MDS::DATUHOFFERAMPATUAN,Municipality representative point,adult blood-pressure or diabetes risk,PhilPEN risk assessment is 2.0% against the regional monitoring target of 25%.,2.0% of adults 20+ risk-assessed,"PhilPEN screening is a counting signal, not a measured hypertension or diabetes prevalence.",6,5.0,"The current records show 6 places for a resident's first health visit: 1 Rural Health Unit and 5 Barangay Health Stations. 5 barangays have no facility matched to them in the current source layer. Residents may need to use a nearby barangay, outreach services, or another local arrangement; this must be confirmed locally.",MDS::DATUHOFFERAMPATUAN,Datu Hoffer Ampatuan,MDS,0.0,"If the case needs inpatient care, the municipal row records a local hospital or inpatient receiving point. This does not confirm licensure, referral protocol, or actual admission.","A substantial accreditation base is recorded, but current PhilHealth return and service throughput cannot be computed for the post-split province.","FHSIS is partially transmitting: 7 of 22 assessed units submit fully on time, and every assessed unit has data-quality issues.",No referral-completion observations are recorded in the consolidated regional workbook; the pathway cannot confirm arrival or feedback.
MDS,Maguindanao del Sur,Paglat,LGU,MDS · ANNEX A · § · page not in contents list,21317,8,,4.0,1,3,0.0,4.0,56.81,72.82,191.02,30.6,4.13,,21317.0,21317.0,0.0,1,0,Yes,4,0.5,0.1876436647,'Without a facility' = barangays carrying no registered facility of any type. Beds are licensed beds of all classes.,2,1,PAGLAT,MAGUINDANAODELSUR,6.782059656000058,124.77800902708957,1908817000.0,MDS::PAGLAT,Municipality representative point,adult blood-pressure or diabetes risk,PhilPEN risk assessment is 4.1% against the regional monitoring target of 25%.,4.1% of adults 20+ risk-assessed,"PhilPEN screening is a counting signal, not a measured hypertension or diabetes prevalence.",4,4.0,"The current records show 4 places for a resident's first health visit: 1 Rural Health Unit and 3 Barangay Health Stations. 4 barangays have no facility matched to them in the current source layer. Residents may need to use a nearby barangay, outreach services, or another local arrangement; this must be confirmed locally.",MDS::BULUAN,Buluan,MDS,9.7,"If the case needs care beyond first contact, the closest mapped municipality with a recorded hospital is Buluan, about 9.7 km away by straight-line representative distance. This is not a travel-time route and must be checked against the local referral network.","A substantial accreditation base is recorded, but current PhilHealth return and service throughput cannot be computed for the post-split province.","FHSIS is partially transmitting: 7 of 22 assessed units submit fully on time, and every assessed unit has data-quality issues.",No referral-completion observations are recorded in the consolidated regional workbook; the pathway cannot confirm arrival or feedback.
MDS,Maguindanao del Sur,Datu Salibo,LGU,MDS · ANNEX A · § · page not in contents list,21295,17,,16.0,1,1,0.0,0.0,75.95,37.44,135.65,21.7,5.57,,21295.0,21295.0,0.0,1,0,Yes,1,0.05882352941,0.0,'Without a facility' = barangays carrying no registered facility of any type. Beds are licensed beds of all classes.,2,1,DATUSALIBO,MAGUINDANAODELSUR,7.008224233500044,124.47599191441788,1908808000.0,MDS::DATUSALIBO,Municipality representative point,adult blood-pressure or diabetes risk,PhilPEN risk assessment is 5.6% against the regional monitoring target of 25%.,5.6% of adults 20+ risk-assessed,"PhilPEN screening is a counting signal, not a measured hypertension or diabetes prevalence.",2,16.0,"The current records show 2 places for a resident's first health visit: 1 Rural Health Unit and 1 Barangay Health Station. 16 barangays have no facility matched to them in the current source layer. Residents may need to use a nearby barangay, outreach services, or another local arrangement; this must be confirmed locally.",MDS::GUINDULUNGAN,Guindulungan,MDS,15.1,"If the case needs care beyond first contact, the closest mapped municipality with a recorded hospital is Guindulungan, about 15.1 km away by straight-line representative distance. This is not a travel-time route and must be checked against the local referral network.","A substantial accreditation base is recorded, but current PhilHealth return and service throughput cannot be computed for the post-split province.","FHSIS is partially transmitting: 7 of 22 assessed units submit fully on time, and every assessed unit has data-quality issues.",No referral-completion observations are recorded in the consolidated regional workbook; the pathway cannot confirm arrival or feedback.
MDS,Maguindanao del Sur,Datu Unsay,LGU,MDS · ANNEX A · § · page not in contents list,17186,8,,5.0,1,2,0.0,2.0,78.06,27.86,121.57,19.5,1.27,,17186.0,17186.0,0.0,1,0,No,3,0.375,0.1163737926,'Without a facility' = barangays carrying no registered facility of any type. Beds are licensed beds of all classes.,1,0,DATUUNSAY,MAGUINDANAODELSUR,6.884960466000052,124.35220519821236,1908810000.0,MDS::DATUUNSAY,Municipality representative point,adult blood-pressure or diabetes risk,PhilPEN risk assessment is 1.3% against the regional monitoring target of 25%.,1.3% of adults 20+ risk-assessed,"PhilPEN screening is a counting signal, not a measured hypertension or diabetes prevalence.",3,5.0,"The current records show 3 places for a resident's first health visit: 1 Rural Health Unit and 2 Barangay Health Stations. 5 barangays have no facility matched to them in the current source layer. Residents may need to use a nearby barangay, outreach services, or another local arrangement; this must be confirmed locally.",MDS::GUINDULUNGAN,Guindulungan,MDS,5.1,"If the case needs care beyond first contact, the closest mapped municipality with a recorded hospital is Guindulungan, about 5.1 km away by straight-line representative distance. This is not a travel-time route and must be checked against the local referral network.","A substantial accreditation base is recorded, but current PhilHealth return and service throughput cannot be computed for the post-split province.","FHSIS is partially transmitting: 7 of 22 assessed units submit fully on time, and every assessed unit has data-quality issues.",No referral-completion observations are recorded in the consolidated regional workbook; the pathway cannot confirm arrival or feedback.
SGA,Special Geographic Area,Malidegao,LGU,SGA · ANNEX A · § · page not in contents list,36427,7,7.0,,2,7,,2.0,,,,,,,,18213.5,,2,0,No,7,1.0,0.05490432921,"Rural health units are on the REGISTER basis (RHU reg.); the operating basis is lower (6 area-wide against 9 registered). 'With a facility' is the municipalities' own enumeration of service points, which reaches 63 of 63 barangays; the national register reaches 57.",2,0,MALIDEGAO,SPECIALGEOGRAPHICAREA,7.0607003,124.6773791,,SGA::MALIDEGAO,Public geocoder representative point,unclassified illness,No municipal disease-burden indicator is available in the consolidated municipal master.,No municipal illness indicator,The reports do not publish LGU-level morbidity rankings.,9,0.0,"The current records show 9 places for a resident's first health visit: 2 Rural Health Units and 7 Barangay Health Stations. Every barangay in this municipal row has a matched first-contact facility in the current records; local validation should still confirm operating status, staffing, and practical accessibility.",MDS::SHARIFFAGUAK,Shariff Aguak,MDS,34.0,"If the case needs care beyond first contact, the closest mapped municipality with a recorded hospital is Shariff Aguak, about 34.0 km away by straight-line representative distance. This is not a travel-time route and must be checked against the local referral network.",The dated project record reports no PhilHealth-accredited facilities and no PhilHealth income line for the area; the immediate question is entitlement and accreditation.,"Routine reporting is not yet a reliable pathway record: only 2 of 8 municipalities were assessed, both had no report, and six were not assessed.",No referral-completion observations are recorded in the consolidated regional workbook; the pathway cannot confirm arrival or feedback.
SGA,Special Geographic Area,Tugunan,LGU,SGA · ANNEX A · § · page not in contents list,33721,9,9.0,,1,8,,2.0,,,,,,,,33721.0,,2,1,Yes,9,1.0,0.05931022212,"Rural health units are on the REGISTER basis (RHU reg.); the operating basis is lower (6 area-wide against 9 registered). 'With a facility' is the municipalities' own enumeration of service points, which reaches 63 of 63 barangays; the national register reaches 57.",2,1,TUGUNAN,SPECIALGEOGRAPHICAREA,7.0451866,124.6164151,,SGA::TUGUNAN,Public geocoder representative point,unclassified illness,No municipal disease-burden indicator is available in the consolidated municipal master.,No municipal illness indicator,The reports do not publish LGU-level morbidity rankings.,9,0.0,"The current records show 9 places for a resident's first health visit: 1 Rural Health Unit and 8 Barangay Health Stations. Every barangay in this municipal row has a matched first-contact facility in the current records; local validation should still confirm operating status, staffing, and practical accessibility.",MDS::SHARIFFAGUAK,Shariff Aguak,MDS,27.9,"If the case needs care beyond first contact, the closest mapped municipality with a recorded hospital is Shariff Aguak, about 27.9 km away by straight-line representative distance. This is not a travel-time route and must be checked against the local referral network.",The dated project record reports no PhilHealth-accredited facilities and no PhilHealth income line for the area; the immediate question is entitlement and accreditation.,"Routine reporting is not yet a reliable pathway record: only 2 of 8 municipalities were assessed, both had no report, and six were not assessed.",No referral-completion observations are recorded in the consolidated regional workbook; the pathway cannot confirm arrival or feedback.
SGA,Special Geographic Area,Kapalawan,LGU,SGA · ANNEX A · § · page not in contents list,29191,7,7.0,,1,7,,0.0,,,,,,,,29191.0,,1,0,Yes,7,1.0,0.0,"Rural health units are on the REGISTER basis (RHU reg.); the operating basis is lower (6 area-wide against 9 registered). 'With a facility' is the municipalities' own enumeration of service points, which reaches 63 of 63 barangays; the national register reaches 57.",2,1,KAPALAWAN,SPECIALGEOGRAPHICAREA,7.2421239,124.7911088,,SGA::KAPALAWAN,Public geocoder representative point,unclassified illness,No municipal disease-burden indicator is available in the consolidated municipal master.,No municipal illness indicator,The reports do not publish LGU-level morbidity rankings.,8,0.0,"The current records show 8 places for a resident's first health visit: 1 Rural Health Unit and 7 Barangay Health Stations. Every barangay in this municipal row has a matched first-contact facility in the current records; local validation should still confirm operating status, staffing, and practical accessibility.",LDS::WAO,Wao,LDS,45.6,"If the case needs care beyond first contact, the closest mapped municipality with a recorded hospital is Wao, about 45.6 km away by straight-line representative distance. This is not a travel-time route and must be checked against the local referral network.",The dated project record reports no PhilHealth-accredited facilities and no PhilHealth income line for the area; the immediate question is entitlement and accreditation.,"Routine reporting is not yet a reliable pathway record: only 2 of 8 municipalities were assessed, both had no report, and six were not assessed.",No referral-completion observations are recorded in the consolidated regional workbook; the pathway cannot confirm arrival or feedback.
SGA,Special Geographic Area,Ligawasan,LGU,SGA · ANNEX A · § · page not in contents list,28322,7,7.0,,1,5,,0.0,,,,,,,,28322.0,,1,0,Yes,7,1.0,0.0,"Rural health units are on the REGISTER basis (RHU reg.); the operating basis is lower (6 area-wide against 9 registered). 'With a facility' is the municipalities' own enumeration of service points, which reaches 63 of 63 barangays; the national register reaches 57.",2,1,LIGAWASAN,SPECIALGEOGRAPHICAREA,6.9940862,124.7040135,,SGA::LIGAWASAN,Public geocoder representative point,unclassified illness,No municipal disease-burden indicator is available in the consolidated municipal master.,No municipal illness indicator,The reports do not publish LGU-level morbidity rankings.,6,0.0,"The current records show 6 places for a resident's first health visit: 1 Rural Health Unit and 5 Barangay Health Stations. Every barangay in this municipal row has a matched first-contact facility in the current records; local validation should still confirm operating status, staffing, and practical accessibility.",MDS::SHARIFFAGUAK,Shariff Aguak,MDS,32.2,"If the case needs care beyond first contact, the closest mapped municipality with a recorded hospital is Shariff Aguak, about 32.2 km away by straight-line representative distance. This is not a travel-time route and must be checked against the local referral network.",The dated project record reports no PhilHealth-accredited facilities and no PhilHealth income line for the area; the immediate question is entitlement and accreditation.,"Routine reporting is not yet a reliable pathway record: only 2 of 8 municipalities were assessed, both had no report, and six were not assessed.",No referral-completion observations are recorded in the consolidated regional workbook; the pathway cannot confirm arrival or feedback.
SGA,Special Geographic Area,Kadayangan,LGU,SGA · ANNEX A · § · page not in contents list,26099,7,7.0,,1,7,,0.0,,,,,,,,26099.0,,1,0,Yes,7,1.0,0.0,"Rural health units are on the REGISTER basis (RHU reg.); the operating basis is lower (6 area-wide against 9 registered). 'With a facility' is the municipalities' own enumeration of service points, which reaches 63 of 63 barangays; the national register reaches 57.",2,1,KADAYANGAN,SPECIALGEOGRAPHICAREA,7.1229571,124.4766077,,SGA::KADAYANGAN,Public geocoder representative point,unclassified illness,No municipal disease-burden indicator is available in the consolidated municipal master.,No municipal illness indicator,The reports do not publish LGU-level morbidity rankings.,8,0.0,"The current records show 8 places for a resident's first health visit: 1 Rural Health Unit and 7 Barangay Health Stations. Every barangay in this municipal row has a matched first-contact facility in the current records; local validation should still confirm operating status, staffing, and practical accessibility.",MDN::DATUODINSINSUAT,Datu Odin Sinsuat,MDN,20.9,"If the case needs care beyond first contact, the closest mapped municipality with a recorded hospital is Datu Odin Sinsuat, about 20.9 km away by straight-line representative distance. This is not a travel-time route and must be checked against the local referral network.",The dated project record reports no PhilHealth-accredited facilities and no PhilHealth income line for the area; the immediate question is entitlement and accreditation.,"Routine reporting is not yet a reliable pathway record: only 2 of 8 municipalities were assessed, both had no report, and six were not assessed.",No referral-completion observations are recorded in the consolidated regional workbook; the pathway cannot confirm arrival or feedback.
SGA,Special Geographic Area,Nabalawag,LGU,SGA · ANNEX A · § · page not in contents list,25500,7,7.0,,1,7,,0.0,,,,,,,,25500.0,,1,0,Yes,7,1.0,0.0,"Rural health units are on the REGISTER basis (RHU reg.); the operating basis is lower (6 area-wide against 9 registered). 'With a facility' is the municipalities' own enumeration of service points, which reaches 63 of 63 barangays; the national register reaches 57.",2,1,NABALAWAG,SPECIALGEOGRAPHICAREA,7.1032855,124.4923617,,SGA::NABALAWAG,Public geocoder representative point,unclassified illness,No municipal disease-burden indicator is available in the consolidated municipal master.,No municipal illness indicator,The reports do not publish LGU-level morbidity rankings.,8,0.0,"The current records show 8 places for a resident's first health visit: 1 Rural Health Unit and 7 Barangay Health Stations. Every barangay in this municipal row has a matched first-contact facility in the current records; local validation should still confirm operating status, staffing, and practical accessibility.",MDN::DATUODINSINSUAT,Datu Odin Sinsuat,MDN,22.3,"If the case needs care beyond first contact, the closest mapped municipality with a recorded hospital is Datu Odin Sinsuat, about 22.3 km away by straight-line representative distance. This is not a travel-time route and must be checked against the local referral network.",The dated project record reports no PhilHealth-accredited facilities and no PhilHealth income line for the area; the immediate question is entitlement and accreditation.,"Routine reporting is not yet a reliable pathway record: only 2 of 8 municipalities were assessed, both had no report, and six were not assessed.",No referral-completion observations are recorded in the consolidated regional workbook; the pathway cannot confirm arrival or feedback.
SGA,Special Geographic Area,Pahamuddin,LGU,SGA · ANNEX A · § · page not in contents list,19262,12,12.0,,1,11,,0.0,,,,,,,,19262.0,,1,0,No,12,1.0,0.0,"Rural health units are on the REGISTER basis (RHU reg.); the operating basis is lower (6 area-wide against 9 registered). 'With a facility' is the municipalities' own enumeration of service points, which reaches 63 of 63 barangays; the national register reaches 57.",1,0,PAHAMUDDIN,SPECIALGEOGRAPHICAREA,7.091,124.555,,SGA::PAHAMUDDIN,Public geocoder representative point,unclassified illness,No municipal disease-burden indicator is available in the consolidated municipal master.,No municipal illness indicator,The reports do not publish LGU-level morbidity rankings.,12,0.0,"The current records show 12 places for a resident's first health visit: 1 Rural Health Unit and 11 Barangay Health Stations. Every barangay in this municipal row has a matched first-contact facility in the current records; local validation should still confirm operating status, staffing, and practical accessibility.",MDS::GUINDULUNGAN,Guindulungan,MDS,27.7,"If the case needs care beyond first contact, the closest mapped municipality with a recorded hospital is Guindulungan, about 27.7 km away by straight-line representative distance. This is not a travel-time route and must be checked against the local referral network.",The dated project record reports no PhilHealth-accredited facilities and no PhilHealth income line for the area; the immediate question is entitlement and accreditation.,"Routine reporting is not yet a reliable pathway record: only 2 of 8 municipalities were assessed, both had no report, and six were not assessed.",No referral-completion observations are recorded in the consolidated regional workbook; the pathway cannot confirm arrival or feedback.
SGA,Special Geographic Area,Old Kaabakan,LGU,SGA · ANNEX A · § · page not in contents list,16181,7,7.0,,1,5,,0.0,,,,,,,,16181.0,,1,0,No,7,1.0,0.0,"Rural health units are on the REGISTER basis (RHU reg.); the operating basis is lower (6 area-wide against 9 registered). 'With a facility' is the municipalities' own enumeration of service points, which reaches 63 of 63 barangays; the national register reaches 57.",1,0,OLDKAABAKAN,SPECIALGEOGRAPHICAREA,7.2328881,124.8447114,,SGA::OLDKAABAKAN,Public geocoder representative point,unclassified illness,No municipal disease-burden indicator is available in the consolidated municipal master.,No municipal illness indicator,The reports do not publish LGU-level morbidity rankings.,6,0.0,"The current records show 6 places for a resident's first health visit: 1 Rural Health Unit and 5 Barangay Health Stations. Every barangay in this municipal row has a matched first-contact facility in the current records; local validation should still confirm operating status, staffing, and practical accessibility.",LDS::WAO,Wao,LDS,48.3,"If the case needs care beyond first contact, the closest mapped municipality with a recorded hospital is Wao, about 48.3 km away by straight-line representative distance. This is not a travel-time route and must be checked against the local referral network.",The dated project record reports no PhilHealth-accredited facilities and no PhilHealth income line for the area; the immediate question is entitlement and accreditation.,"Routine reporting is not yet a reliable pathway record: only 2 of 8 municipalities were assessed, both had no report, and six were not assessed.",No referral-completion observations are recorded in the consolidated regional workbook; the pathway cannot confirm arrival or feedback.
